"participantID","datetime_fetch","date","time","distance_meters"
"Sarah","2026-06-09 00:32:19","2026-05-28","1899-12-31",1.5
"Sarah","2026-06-09 00:32:19","2026-05-28","1899-12-31 00:05:00",26.6
"Sarah","2026-06-09 00:32:19","2026-05-28","1899-12-31 00:10:00",30.4
"Sarah","2026-06-09 00:32:19","2026-05-28","1899-12-31 00:15:00",5.2
"Sarah","2026-06-09 00:32:19","2026-05-28","1899-12-31 04:25:00",7.1
"Sarah","2026-06-09 00:32:19","2026-05-28","1899-12-31 06:10:00",71.3
"Sarah","2026-06-09 00:32:19","2026-05-28","1899-12-31 06:15:00",35.6
"Sarah","2026-06-09 00:32:19","2026-05-28","1899-12-31 06:20:00",12.3
"Sarah","2026-06-09 00:32:19","2026-05-28","1899-12-31 06:50:00",14.9
"Sarah","2026-06-09 00:32:19","2026-05-28","1899-12-31 06:55:00",11
"Sarah","2026-06-09 00:32:19","2026-05-28","1899-12-31 07:30:00",10.3
"Sarah","2026-06-09 00:32:19","2026-05-28","1899-12-31 07:55:00",38.9
"Sarah","2026-06-09 00:32:19","2026-05-28","1899-12-31 08:05:00",16.8
"Sarah","2026-06-09 00:32:19","2026-05-28","1899-12-31 08:15:00",4.5
"Sarah","2026-06-09 00:32:19","2026-05-28","1899-12-31 08:40:00",103.7
"Sarah","2026-06-09 00:32:19","2026-05-28","1899-12-31 08:45:00",36.3
"Sarah","2026-06-09 00:32:19","2026-05-28","1899-12-31 08:50:00",62.1
"Sarah","2026-06-09 00:32:19","2026-05-28","1899-12-31 09:05:00",98.4
"Sarah","2026-06-09 00:32:19","2026-05-28","1899-12-31 09:20:00",22
"Sarah","2026-06-09 00:32:19","2026-05-28","1899-12-31 09:25:00",77.7
"Sarah","2026-06-09 00:32:19","2026-05-28","1899-12-31 09:30:00",48.4
"Sarah","2026-06-09 00:32:19","2026-05-28","1899-12-31 09:40:00",23.9
"Sarah","2026-06-09 00:32:19","2026-05-28","1899-12-31 09:45:00",11
"Sarah","2026-06-09 00:32:19","2026-05-28","1899-12-31 09:50:00",64.1
"Sarah","2026-06-09 00:32:19","2026-05-28","1899-12-31 09:55:00",119.9
"Sarah","2026-06-09 00:32:19","2026-05-28","1899-12-31 10:00:00",356.6
"Sarah","2026-06-09 00:32:19","2026-05-28","1899-12-31 10:05:00",358.6
"Sarah","2026-06-09 00:32:19","2026-05-28","1899-12-31 10:10:00",362.3
"Sarah","2026-06-09 00:32:19","2026-05-28","1899-12-31 10:15:00",37.8
"Sarah","2026-06-09 00:32:19","2026-05-28","1899-12-31 10:20:00",60.3
"Sarah","2026-06-09 00:32:19","2026-05-28","1899-12-31 10:25:00",12
"Sarah","2026-06-09 00:32:19","2026-05-28","1899-12-31 10:30:00",51.2
"Sarah","2026-06-09 00:32:19","2026-05-28","1899-12-31 10:35:00",211.5
"Sarah","2026-06-09 00:32:19","2026-05-28","1899-12-31 10:40:00",309.4
"Sarah","2026-06-09 00:32:19","2026-05-28","1899-12-31 10:45:00",263.8
"Sarah","2026-06-09 00:32:19","2026-05-28","1899-12-31 10:50:00",230
"Sarah","2026-06-09 00:32:19","2026-05-28","1899-12-31 10:55:00",310.1
"Sarah","2026-06-09 00:32:19","2026-05-28","1899-12-31 11:00:00",315
"Sarah","2026-06-09 00:32:19","2026-05-28","1899-12-31 11:05:00",299.7
"Sarah","2026-06-09 00:32:19","2026-05-28","1899-12-31 11:10:00",102.9
"Sarah","2026-06-09 00:32:19","2026-05-28","1899-12-31 11:15:00",34.5
"Sarah","2026-06-09 00:32:19","2026-05-28","1899-12-31 11:20:00",64.2
"Sarah","2026-06-09 00:32:19","2026-05-28","1899-12-31 12:05:00",8.4
"Sarah","2026-06-09 00:32:19","2026-05-28","1899-12-31 12:10:00",12.3
"Sarah","2026-06-09 00:32:19","2026-05-28","1899-12-31 12:45:00",119.9
"Sarah","2026-06-09 00:32:19","2026-05-28","1899-12-31 12:50:00",32.3
"Sarah","2026-06-09 00:32:19","2026-05-28","1899-12-31 12:55:00",24.5
"Sarah","2026-06-09 00:32:19","2026-05-28","1899-12-31 13:00:00",10.3
"Sarah","2026-06-09 00:32:19","2026-05-28","1899-12-31 13:10:00",77.9
"Sarah","2026-06-09 00:32:19","2026-05-28","1899-12-31 13:15:00",201
"Sarah","2026-06-09 00:32:19","2026-05-28","1899-12-31 13:20:00",60.3
"Sarah","2026-06-09 00:32:19","2026-05-28","1899-12-31 13:25:00",150.5
"Sarah","2026-06-09 00:32:19","2026-05-28","1899-12-31 13:30:00",33.5
"Sarah","2026-06-09 00:32:19","2026-05-28","1899-12-31 13:35:00",89
"Sarah","2026-06-09 00:32:19","2026-05-28","1899-12-31 13:40:00",234.4
"Sarah","2026-06-09 00:32:19","2026-05-28","1899-12-31 13:45:00",33.7
"Sarah","2026-06-09 00:32:19","2026-05-28","1899-12-31 13:50:00",42.7
"Sarah","2026-06-09 00:32:19","2026-05-28","1899-12-31 13:55:00",36.1
"Sarah","2026-06-09 00:32:19","2026-05-28","1899-12-31 14:05:00",33.1
"Sarah","2026-06-09 00:32:19","2026-05-28","1899-12-31 14:10:00",4.5
"Sarah","2026-06-09 00:32:19","2026-05-28","1899-12-31 16:20:00",18.8
"Sarah","2026-06-09 00:32:19","2026-05-28","1899-12-31 16:25:00",51.8
"Sarah","2026-06-09 00:32:19","2026-05-28","1899-12-31 16:30:00",4.5
"Sarah","2026-06-09 00:32:19","2026-05-28","1899-12-31 17:20:00",5.8
"Sarah","2026-06-09 00:32:19","2026-05-28","1899-12-31 17:45:00",38.2
"Sarah","2026-06-09 00:32:19","2026-05-28","1899-12-31 17:50:00",42
"Sarah","2026-06-09 00:32:19","2026-05-28","1899-12-31 17:55:00",160.1
"Sarah","2026-06-09 00:32:19","2026-05-28","1899-12-31 18:00:00",12.2
"Sarah","2026-06-09 00:32:19","2026-05-28","1899-12-31 18:05:00",43.2
"Sarah","2026-06-09 00:32:19","2026-05-28","1899-12-31 18:30:00",5.2
"Sarah","2026-06-09 00:32:19","2026-05-28","1899-12-31 18:55:00",4.5
"Sarah","2026-06-09 00:32:19","2026-05-28","1899-12-31 19:30:00",4.5
"Sarah","2026-06-09 00:32:19","2026-05-28","1899-12-31 19:35:00",53.1
"Sarah","2026-06-09 00:32:19","2026-05-28","1899-12-31 19:40:00",116.7
"Sarah","2026-06-09 00:32:19","2026-05-28","1899-12-31 19:45:00",48.5
"Sarah","2026-06-09 00:32:19","2026-05-28","1899-12-31 19:50:00",9.7
"Sarah","2026-06-09 00:32:19","2026-05-28","1899-12-31 19:55:00",8.4
"Sarah","2026-06-09 00:32:19","2026-05-28","1899-12-31 20:00:00",36.9
"Sarah","2026-06-09 00:32:19","2026-05-28","1899-12-31 20:10:00",97.1
"Sarah","2026-06-09 00:32:19","2026-05-28","1899-12-31 20:15:00",33
"Sarah","2026-06-09 00:32:19","2026-05-28","1899-12-31 20:40:00",37.5
"Sarah","2026-06-09 00:32:19","2026-05-28","1899-12-31 21:00:00",18
"Sarah","2026-06-09 00:32:19","2026-05-28","1899-12-31 21:05:00",12.9
"Sarah","2026-06-09 00:32:19","2026-05-28","1899-12-31 21:55:00",36.9
"Sarah","2026-06-09 00:32:19","2026-05-28","1899-12-31 22:05:00",18.8
"Sarah","2026-06-09 00:32:19","2026-05-28","1899-12-31 22:10:00",7.7
"Sarah","2026-06-09 00:32:19","2026-05-28","1899-12-31 22:15:00",14.2
"Sarah","2026-06-09 00:32:19","2026-05-28","1899-12-31 22:20:00",11
"Sarah","2026-06-09 00:32:19","2026-05-28","1899-12-31 22:25:00",12.9
"Sarah","2026-06-09 00:32:19","2026-05-28","1899-12-31 22:35:00",5.8
"Sarah","2026-06-09 00:32:19","2026-05-28","1899-12-31 22:40:00",249.8
"Sarah","2026-06-09 00:32:19","2026-05-28","1899-12-31 22:45:00",134.6
"Sarah","2026-06-09 00:32:19","2026-05-28","1899-12-31 22:50:00",132.2
"Sarah","2026-06-09 00:32:19","2026-05-28","1899-12-31 22:55:00",61.5
"Sarah","2026-06-09 00:32:19","2026-05-28","1899-12-31 23:30:00",96.6
"Sarah","2026-06-09 00:32:19","2026-05-28","1899-12-31 23:35:00",96.5
"Sarah","2026-06-09 00:32:19","2026-05-28","1899-12-31 23:40:00",208.7
"Sarah","2026-06-09 00:32:19","2026-05-28","1899-12-31 23:45:00",281.6
"Sarah","2026-06-09 00:32:19","2026-05-28","1899-12-31 23:50:00",211.4
"Sarah","2026-06-09 00:32:19","2026-05-28","1899-12-31 23:55:00",270.5
"Sarah","2026-06-08 23:43:06","2026-05-29","1899-12-31 00:05:00",3.8
"Sarah","2026-06-08 23:43:06","2026-05-29","1899-12-31 00:20:00",5.1
"Sarah","2026-06-08 23:43:06","2026-05-29","1899-12-31 00:50:00",49.7
"Sarah","2026-06-08 23:43:06","2026-05-29","1899-12-31 01:35:00",9
"Sarah","2026-06-08 23:43:06","2026-05-29","1899-12-31 01:45:00",18
"Sarah","2026-06-08 23:43:06","2026-05-29","1899-12-31 02:35:00",9.7
"Sarah","2026-06-08 23:43:06","2026-05-29","1899-12-31 02:40:00",8.4
"Sarah","2026-06-08 23:43:06","2026-05-29","1899-12-31 08:05:00",17.4
"Sarah","2026-06-08 23:43:06","2026-05-29","1899-12-31 08:10:00",69.9
"Sarah","2026-06-08 23:43:06","2026-05-29","1899-12-31 08:15:00",86.8
"Sarah","2026-06-08 23:43:06","2026-05-29","1899-12-31 08:20:00",91.4
"Sarah","2026-06-08 23:43:06","2026-05-29","1899-12-31 08:35:00",11
"Sarah","2026-06-08 23:43:06","2026-05-29","1899-12-31 08:40:00",12.3
"Sarah","2026-06-08 23:43:06","2026-05-29","1899-12-31 08:45:00",72.6
"Sarah","2026-06-08 23:43:06","2026-05-29","1899-12-31 08:55:00",85.4
"Sarah","2026-06-08 23:43:06","2026-05-29","1899-12-31 09:00:00",47.2
"Sarah","2026-06-08 23:43:06","2026-05-29","1899-12-31 09:10:00",59
"Sarah","2026-06-08 23:43:06","2026-05-29","1899-12-31 09:15:00",6.5
"Sarah","2026-06-08 23:43:06","2026-05-29","1899-12-31 09:20:00",10.3
"Sarah","2026-06-08 23:43:06","2026-05-29","1899-12-31 09:35:00",11
"Sarah","2026-06-08 23:43:06","2026-05-29","1899-12-31 09:45:00",266.8
"Sarah","2026-06-08 23:43:06","2026-05-29","1899-12-31 09:50:00",153.1
"Sarah","2026-06-08 23:43:06","2026-05-29","1899-12-31 09:55:00",71.3
"Sarah","2026-06-08 23:43:06","2026-05-29","1899-12-31 10:00:00",25.8
"Sarah","2026-06-08 23:43:06","2026-05-29","1899-12-31 10:05:00",81.6
"Sarah","2026-06-08 23:43:06","2026-05-29","1899-12-31 10:10:00",202.9
"Sarah","2026-06-08 23:43:06","2026-05-29","1899-12-31 10:35:00",4.5
"Sarah","2026-06-08 23:43:06","2026-05-29","1899-12-31 11:00:00",2.6
"Sarah","2026-06-08 23:43:06","2026-05-29","1899-12-31 11:35:00",22
"Sarah","2026-06-08 23:43:06","2026-05-29","1899-12-31 11:40:00",116.6
"Sarah","2026-06-08 23:43:06","2026-05-29","1899-12-31 11:45:00",47.8
"Sarah","2026-06-08 23:43:06","2026-05-29","1899-12-31 12:25:00",5.8
"Sarah","2026-06-08 23:43:06","2026-05-29","1899-12-31 12:55:00",4.5
"Sarah","2026-06-08 23:43:06","2026-05-29","1899-12-31 13:15:00",49.2
"Sarah","2026-06-08 23:43:06","2026-05-29","1899-12-31 13:30:00",48
"Sarah","2026-06-08 23:43:06","2026-05-29","1899-12-31 13:45:00",115.4
"Sarah","2026-06-08 23:43:06","2026-05-29","1899-12-31 13:50:00",30.4
"Sarah","2026-06-08 23:43:06","2026-05-29","1899-12-31 13:55:00",7.7
"Sarah","2026-06-08 23:43:06","2026-05-29","1899-12-31 14:00:00",5.1
"Sarah","2026-06-08 23:43:06","2026-05-29","1899-12-31 14:05:00",29.1
"Sarah","2026-06-08 23:43:06","2026-05-29","1899-12-31 14:10:00",108.2
"Sarah","2026-06-08 23:43:06","2026-05-29","1899-12-31 14:15:00",114
"Sarah","2026-06-08 23:43:06","2026-05-29","1899-12-31 14:20:00",51.1
"Sarah","2026-06-08 23:43:06","2026-05-29","1899-12-31 14:25:00",75.9
"Sarah","2026-06-08 23:43:06","2026-05-29","1899-12-31 14:30:00",43.4
"Sarah","2026-06-08 23:43:06","2026-05-29","1899-12-31 14:35:00",68.7
"Sarah","2026-06-08 23:43:06","2026-05-29","1899-12-31 14:50:00",14.8
"Sarah","2026-06-08 23:43:06","2026-05-29","1899-12-31 14:55:00",3.8
"Sarah","2026-06-08 23:43:06","2026-05-29","1899-12-31 15:00:00",5.1
"Sarah","2026-06-08 23:43:06","2026-05-29","1899-12-31 15:20:00",22
"Sarah","2026-06-08 23:43:06","2026-05-29","1899-12-31 15:25:00",119.1
"Sarah","2026-06-08 23:43:06","2026-05-29","1899-12-31 15:30:00",208.7
"Sarah","2026-06-08 23:43:06","2026-05-29","1899-12-31 15:35:00",343.7
"Sarah","2026-06-08 23:43:06","2026-05-29","1899-12-31 15:40:00",159.4
"Sarah","2026-06-08 23:43:06","2026-05-29","1899-12-31 15:45:00",5.8
"Sarah","2026-06-08 23:43:06","2026-05-29","1899-12-31 16:20:00",188.6
"Sarah","2026-06-08 23:43:06","2026-05-29","1899-12-31 16:25:00",285.2
"Sarah","2026-06-08 23:43:06","2026-05-29","1899-12-31 16:30:00",259.2
"Sarah","2026-06-08 23:43:06","2026-05-29","1899-12-31 16:35:00",218.2
"Sarah","2026-06-08 23:43:06","2026-05-29","1899-12-31 16:40:00",43.7
"Sarah","2026-06-08 23:43:06","2026-05-29","1899-12-31 16:45:00",19.7
"Sarah","2026-06-08 23:43:06","2026-05-29","1899-12-31 16:50:00",32.9
"Sarah","2026-06-08 23:43:06","2026-05-29","1899-12-31 16:55:00",100.3
"Sarah","2026-06-08 23:43:06","2026-05-29","1899-12-31 17:00:00",29.8
"Sarah","2026-06-08 23:43:06","2026-05-29","1899-12-31 17:05:00",54.9
"Sarah","2026-06-08 23:43:06","2026-05-29","1899-12-31 17:10:00",12.9
"Sarah","2026-06-08 23:43:06","2026-05-29","1899-12-31 18:15:00",172.5
"Sarah","2026-06-08 23:43:06","2026-05-29","1899-12-31 18:20:00",164.9
"Sarah","2026-06-08 23:43:06","2026-05-29","1899-12-31 18:25:00",96.2
"Sarah","2026-06-08 23:43:06","2026-05-29","1899-12-31 18:30:00",30.3
"Sarah","2026-06-08 23:43:06","2026-05-29","1899-12-31 18:35:00",161.4
"Sarah","2026-06-08 23:43:06","2026-05-29","1899-12-31 18:40:00",290.2
"Sarah","2026-06-08 23:43:06","2026-05-29","1899-12-31 18:45:00",64.5
"Sarah","2026-06-08 23:43:06","2026-05-29","1899-12-31 18:50:00",73.8
"Sarah","2026-06-08 23:43:06","2026-05-29","1899-12-31 18:55:00",92
"Sarah","2026-06-08 23:43:06","2026-05-29","1899-12-31 19:50:00",12.9
"Sarah","2026-06-08 23:43:06","2026-05-29","1899-12-31 19:55:00",73.1
"Sarah","2026-06-08 23:43:06","2026-05-29","1899-12-31 20:00:00",36.7
"Sarah","2026-06-08 23:43:06","2026-05-29","1899-12-31 20:05:00",33
"Sarah","2026-06-08 23:43:06","2026-05-29","1899-12-31 20:10:00",23.3
"Sarah","2026-06-08 23:43:06","2026-05-29","1899-12-31 20:45:00",142.1
"Sarah","2026-06-08 23:43:06","2026-05-29","1899-12-31 20:50:00",197.1
"Sarah","2026-06-08 23:43:06","2026-05-29","1899-12-31 20:55:00",56.4
"Sarah","2026-06-08 23:43:06","2026-05-29","1899-12-31 21:15:00",59.5
"Sarah","2026-06-08 23:43:06","2026-05-29","1899-12-31 21:20:00",18.8
"Sarah","2026-06-08 23:43:06","2026-05-29","1899-12-31 21:25:00",25.9
"Sarah","2026-06-08 23:43:06","2026-05-29","1899-12-31 21:30:00",36.1
"Sarah","2026-06-08 23:43:06","2026-05-29","1899-12-31 21:35:00",23.9
"Sarah","2026-06-08 23:43:06","2026-05-29","1899-12-31 21:55:00",25.9
"Sarah","2026-06-08 23:43:06","2026-05-29","1899-12-31 22:25:00",14.9
"Sarah","2026-06-08 23:43:06","2026-05-29","1899-12-31 22:40:00",75.1
"Sarah","2026-06-08 23:43:06","2026-05-29","1899-12-31 23:15:00",2.6
"Sarah","2026-06-08 23:43:06","2026-05-29","1899-12-31 23:30:00",23.3
"Sarah","2026-06-08 23:43:06","2026-05-29","1899-12-31 23:35:00",2.5
"Sarah","2026-06-08 20:07:46","2026-05-30","1899-12-31 00:35:00",22.7
"Sarah","2026-06-08 20:07:46","2026-05-30","1899-12-31 00:40:00",54.3
"Sarah","2026-06-08 20:07:46","2026-05-30","1899-12-31 01:20:00",14.8
"Sarah","2026-06-08 20:07:46","2026-05-30","1899-12-31 01:35:00",6.4
"Sarah","2026-06-08 20:07:46","2026-05-30","1899-12-31 01:45:00",38.8
"Sarah","2026-06-08 20:07:46","2026-05-30","1899-12-31 07:35:00",80.9
"Sarah","2026-06-08 20:07:46","2026-05-30","1899-12-31 07:40:00",1.9
"Sarah","2026-06-08 20:07:46","2026-05-30","1899-12-31 08:20:00",5.8
"Sarah","2026-06-08 20:07:46","2026-05-30","1899-12-31 08:40:00",31.7
"Sarah","2026-06-08 20:07:46","2026-05-30","1899-12-31 08:45:00",29.2
"Sarah","2026-06-08 20:07:46","2026-05-30","1899-12-31 09:40:00",18
"Sarah","2026-06-08 20:07:46","2026-05-30","1899-12-31 10:40:00",5.2
"Sarah","2026-06-08 20:07:46","2026-05-30","1899-12-31 14:40:00",42.5
"Sarah","2026-06-08 20:07:46","2026-05-30","1899-12-31 14:45:00",22.6
"Sarah","2026-06-08 20:07:46","2026-05-30","1899-12-31 15:15:00",2.6
"Sarah","2026-06-08 20:07:46","2026-05-30","1899-12-31 15:25:00",14.9
"Sarah","2026-06-08 20:07:46","2026-05-30","1899-12-31 15:30:00",65.3
"Sarah","2026-06-08 20:07:46","2026-05-30","1899-12-31 15:35:00",91.2
"Sarah","2026-06-08 20:07:46","2026-05-30","1899-12-31 15:40:00",34.4
"Sarah","2026-06-08 20:07:46","2026-05-30","1899-12-31 15:55:00",11
"Sarah","2026-06-08 20:07:46","2026-05-30","1899-12-31 16:50:00",25.2
"Sarah","2026-06-08 20:07:46","2026-05-30","1899-12-31 17:20:00",25.2
"Sarah","2026-06-08 20:07:46","2026-05-30","1899-12-31 17:25:00",40.1
"Sarah","2026-06-08 20:07:46","2026-05-30","1899-12-31 18:00:00",53.1
"Sarah","2026-06-08 20:07:46","2026-05-30","1899-12-31 18:05:00",44
"Sarah","2026-06-08 20:07:46","2026-05-30","1899-12-31 18:20:00",4.5
"Sarah","2026-06-08 20:07:46","2026-05-30","1899-12-31 19:15:00",58.3
"Sarah","2026-06-08 20:07:46","2026-05-30","1899-12-31 19:20:00",64.1
"Sarah","2026-06-08 20:07:46","2026-05-30","1899-12-31 19:40:00",5.8
"Sarah","2026-06-08 20:07:46","2026-05-30","1899-12-31 19:50:00",12.3
"Sarah","2026-06-08 20:07:46","2026-05-30","1899-12-31 20:00:00",91.3
"Sarah","2026-06-08 20:07:46","2026-05-30","1899-12-31 20:05:00",42.7
"Sarah","2026-06-08 20:07:46","2026-05-30","1899-12-31 21:00:00",20
"Sarah","2026-06-08 20:07:46","2026-05-30","1899-12-31 21:05:00",137.5
"Sarah","2026-06-08 20:07:46","2026-05-30","1899-12-31 21:10:00",9
"Sarah","2026-06-08 20:07:46","2026-05-30","1899-12-31 21:15:00",124.4
"Sarah","2026-06-08 20:07:46","2026-05-30","1899-12-31 22:25:00",9
"Sarah","2026-06-08 20:07:46","2026-05-30","1899-12-31 22:40:00",54.5
"Sarah","2026-06-08 20:07:46","2026-05-30","1899-12-31 22:45:00",34.3
"Sarah","2026-06-08 20:07:46","2026-05-30","1899-12-31 23:05:00",49.3
"Sarah","2026-06-08 20:07:46","2026-05-30","1899-12-31 23:10:00",9.7
"Sarah","2026-06-08 20:07:46","2026-05-30","1899-12-31 23:20:00",60.8
"Sarah","2026-06-08 20:07:46","2026-05-30","1899-12-31 23:25:00",51.9
"Sarah","2026-06-08 21:06:18","2026-05-31","1899-12-31 00:05:00",14.8
"Sarah","2026-06-08 21:06:18","2026-05-31","1899-12-31 00:10:00",13.5
"Sarah","2026-06-08 21:06:18","2026-05-31","1899-12-31 01:00:00",12.2
"Sarah","2026-06-08 21:06:18","2026-05-31","1899-12-31 01:10:00",40.2
"Sarah","2026-06-08 21:06:18","2026-05-31","1899-12-31 02:15:00",40.8
"Sarah","2026-06-08 21:06:18","2026-05-31","1899-12-31 02:25:00",33
"Sarah","2026-06-08 21:06:18","2026-05-31","1899-12-31 02:35:00",5.8
"Sarah","2026-06-08 21:06:18","2026-05-31","1899-12-31 03:40:00",27.9
"Sarah","2026-06-08 21:06:18","2026-05-31","1899-12-31 03:45:00",1.9
"Sarah","2026-06-08 21:06:18","2026-05-31","1899-12-31 06:45:00",7.1
"Sarah","2026-06-08 21:06:18","2026-05-31","1899-12-31 10:50:00",64.1
"Sarah","2026-06-08 21:06:18","2026-05-31","1899-12-31 10:55:00",13.5
"Sarah","2026-06-08 21:06:18","2026-05-31","1899-12-31 11:00:00",43.3
"Sarah","2026-06-08 21:06:18","2026-05-31","1899-12-31 11:05:00",70.6
"Sarah","2026-06-08 21:06:18","2026-05-31","1899-12-31 11:10:00",18
"Sarah","2026-06-08 21:06:18","2026-05-31","1899-12-31 11:20:00",18.7
"Sarah","2026-06-08 21:06:18","2026-05-31","1899-12-31 11:25:00",16.8
"Sarah","2026-06-08 21:06:18","2026-05-31","1899-12-31 11:30:00",258.5
"Sarah","2026-06-08 21:06:18","2026-05-31","1899-12-31 11:35:00",112.5
"Sarah","2026-06-08 21:06:18","2026-05-31","1899-12-31 11:40:00",41.9
"Sarah","2026-06-08 21:06:18","2026-05-31","1899-12-31 11:45:00",168.8
"Sarah","2026-06-08 21:06:18","2026-05-31","1899-12-31 11:50:00",223.4
"Sarah","2026-06-08 21:06:18","2026-05-31","1899-12-31 11:55:00",37.7
"Sarah","2026-06-08 21:06:18","2026-05-31","1899-12-31 12:00:00",14.2
"Sarah","2026-06-08 21:06:18","2026-05-31","1899-12-31 12:05:00",71.9
"Sarah","2026-06-08 21:06:18","2026-05-31","1899-12-31 12:10:00",5.1
"Sarah","2026-06-08 21:06:18","2026-05-31","1899-12-31 12:15:00",24
"Sarah","2026-06-08 21:06:18","2026-05-31","1899-12-31 12:20:00",213.3
"Sarah","2026-06-08 21:06:18","2026-05-31","1899-12-31 12:25:00",359.6
"Sarah","2026-06-08 21:06:18","2026-05-31","1899-12-31 12:30:00",314.7
"Sarah","2026-06-08 21:06:18","2026-05-31","1899-12-31 12:35:00",116.2
"Sarah","2026-06-08 21:06:18","2026-05-31","1899-12-31 12:40:00",2.5
"Sarah","2026-06-08 21:06:18","2026-05-31","1899-12-31 13:05:00",35
"Sarah","2026-06-08 21:06:18","2026-05-31","1899-12-31 13:10:00",76.5
"Sarah","2026-06-08 21:06:18","2026-05-31","1899-12-31 13:20:00",109.5
"Sarah","2026-06-08 21:06:18","2026-05-31","1899-12-31 13:25:00",220.339
"Sarah","2026-06-08 21:06:18","2026-05-31","1899-12-31 13:30:00",8.052
"Sarah","2026-06-08 21:06:18","2026-05-31","1899-12-31 13:35:00",23.485
"Sarah","2026-06-08 21:06:18","2026-05-31","1899-12-31 13:40:00",49.163
"Sarah","2026-06-08 21:06:18","2026-05-31","1899-12-31 13:45:00",40.7
"Sarah","2026-06-08 21:06:18","2026-05-31","1899-12-31 13:50:00",93.565
"Sarah","2026-06-08 21:06:18","2026-05-31","1899-12-31 13:55:00",73.185
"Sarah","2026-06-08 21:06:18","2026-05-31","1899-12-31 14:00:00",7.1
"Sarah","2026-06-08 21:06:18","2026-05-31","1899-12-31 14:05:00",44.6
"Sarah","2026-06-08 21:06:18","2026-05-31","1899-12-31 14:25:00",29.8
"Sarah","2026-06-08 21:06:18","2026-05-31","1899-12-31 14:30:00",115.888
"Sarah","2026-06-08 21:06:18","2026-05-31","1899-12-31 14:35:00",42.273
"Sarah","2026-06-08 21:06:18","2026-05-31","1899-12-31 14:40:00",56.364
"Sarah","2026-06-08 21:06:18","2026-05-31","1899-12-31 14:45:00",182.302
"Sarah","2026-06-08 21:06:18","2026-05-31","1899-12-31 14:50:00",4.5
"Sarah","2026-06-08 21:06:18","2026-05-31","1899-12-31 15:00:00",23.2
"Sarah","2026-06-08 21:06:18","2026-05-31","1899-12-31 15:05:00",86.1
"Sarah","2026-06-08 21:06:18","2026-05-31","1899-12-31 15:10:00",82.9
"Sarah","2026-06-08 21:06:18","2026-05-31","1899-12-31 15:15:00",90.7
"Sarah","2026-06-08 21:06:18","2026-05-31","1899-12-31 15:20:00",128.3
"Sarah","2026-06-08 21:06:18","2026-05-31","1899-12-31 15:25:00",81.862
"Sarah","2026-06-08 21:06:18","2026-05-31","1899-12-31 15:30:00",10.065
"Sarah","2026-06-08 21:06:18","2026-05-31","1899-12-31 15:40:00",28.4
"Sarah","2026-06-08 21:06:18","2026-05-31","1899-12-31 15:45:00",29
"Sarah","2026-06-08 21:06:18","2026-05-31","1899-12-31 15:50:00",115.9
"Sarah","2026-06-08 21:06:18","2026-05-31","1899-12-31 15:55:00",77.7
"Sarah","2026-06-08 21:06:18","2026-05-31","1899-12-31 16:00:00",129.6
"Sarah","2026-06-08 21:06:18","2026-05-31","1899-12-31 16:05:00",0.6
"Sarah","2026-06-08 21:06:18","2026-05-31","1899-12-31 16:45:00",23.3
"Sarah","2026-06-08 21:06:18","2026-05-31","1899-12-31 16:50:00",110.2
"Sarah","2026-06-08 21:06:18","2026-05-31","1899-12-31 16:55:00",67.3
"Sarah","2026-06-08 21:06:18","2026-05-31","1899-12-31 17:00:00",88.8
"Sarah","2026-06-08 21:06:18","2026-05-31","1899-12-31 17:05:00",25.1
"Sarah","2026-06-08 21:06:18","2026-05-31","1899-12-31 17:10:00",58.3
"Sarah","2026-06-08 21:06:18","2026-05-31","1899-12-31 17:15:00",74.4
"Sarah","2026-06-08 21:06:18","2026-05-31","1899-12-31 17:20:00",62.1
"Sarah","2026-06-08 21:06:18","2026-05-31","1899-12-31 17:35:00",26.4
"Sarah","2026-06-08 21:06:18","2026-05-31","1899-12-31 17:40:00",73.7
"Sarah","2026-06-08 21:06:18","2026-05-31","1899-12-31 17:45:00",106.3
"Sarah","2026-06-08 21:06:18","2026-05-31","1899-12-31 17:50:00",145.8
"Sarah","2026-06-08 21:06:18","2026-05-31","1899-12-31 17:55:00",53.1
"Sarah","2026-06-08 21:06:18","2026-05-31","1899-12-31 18:00:00",62.7
"Sarah","2026-06-08 21:06:18","2026-05-31","1899-12-31 18:05:00",103.6
"Sarah","2026-06-08 21:06:18","2026-05-31","1899-12-31 18:10:00",34.8
"Sarah","2026-06-08 21:06:18","2026-05-31","1899-12-31 18:15:00",3.8
"Sarah","2026-06-08 21:06:18","2026-05-31","1899-12-31 18:25:00",8.4
"Sarah","2026-06-08 21:06:18","2026-05-31","1899-12-31 18:30:00",8.4
"Sarah","2026-06-08 21:06:18","2026-05-31","1899-12-31 18:35:00",70.5
"Sarah","2026-06-08 21:06:18","2026-05-31","1899-12-31 18:40:00",60.2
"Sarah","2026-06-08 21:06:18","2026-05-31","1899-12-31 18:45:00",73.1
"Sarah","2026-06-08 21:06:18","2026-05-31","1899-12-31 18:50:00",2.6
"Sarah","2026-06-08 21:06:18","2026-05-31","1899-12-31 18:55:00",36.9
"Sarah","2026-06-08 21:06:18","2026-05-31","1899-12-31 19:00:00",3.8
"Sarah","2026-06-08 21:06:18","2026-05-31","1899-12-31 19:05:00",7.1
"Sarah","2026-06-08 21:06:18","2026-05-31","1899-12-31 19:10:00",12.9
"Sarah","2026-06-08 21:06:18","2026-05-31","1899-12-31 19:15:00",90.7
"Sarah","2026-06-08 21:06:18","2026-05-31","1899-12-31 19:20:00",119.3
"Sarah","2026-06-08 21:06:18","2026-05-31","1899-12-31 19:25:00",130.3
"Sarah","2026-06-08 21:06:18","2026-05-31","1899-12-31 19:30:00",12.3
"Sarah","2026-06-08 21:06:18","2026-05-31","1899-12-31 19:35:00",38.8
"Sarah","2026-06-08 21:06:18","2026-05-31","1899-12-31 19:40:00",36.1
"Sarah","2026-06-08 21:06:18","2026-05-31","1899-12-31 19:45:00",68.5
"Sarah","2026-06-08 21:06:18","2026-05-31","1899-12-31 19:50:00",56.2
"Sarah","2026-06-08 21:06:18","2026-05-31","1899-12-31 19:55:00",94.4
"Sarah","2026-06-08 21:06:18","2026-05-31","1899-12-31 20:50:00",5.1
"Sarah","2026-06-08 21:06:18","2026-05-31","1899-12-31 21:00:00",51
"Sarah","2026-06-08 21:06:18","2026-05-31","1899-12-31 21:05:00",98.5
"Sarah","2026-06-08 21:06:18","2026-05-31","1899-12-31 21:15:00",5.8
"Sarah","2026-06-08 21:06:18","2026-05-31","1899-12-31 21:40:00",20.6
"Sarah","2026-06-08 21:06:18","2026-05-31","1899-12-31 21:45:00",24.5
"Sarah","2026-06-08 21:06:18","2026-05-31","1899-12-31 21:50:00",4.5
"Sarah","2026-06-08 21:06:18","2026-05-31","1899-12-31 22:40:00",5.2
"Sarah","2026-06-08 21:06:18","2026-05-31","1899-12-31 22:55:00",38.2
"Sarah","2026-06-08 21:06:18","2026-05-31","1899-12-31 23:05:00",22.6
"Sarah","2026-06-08 21:11:08","2026-06-01","1899-12-31 00:45:00",5.1
"Sarah","2026-06-08 21:11:08","2026-06-01","1899-12-31 00:50:00",52.3
"Sarah","2026-06-08 21:11:08","2026-06-01","1899-12-31 01:05:00",4.5
"Sarah","2026-06-08 21:11:08","2026-06-01","1899-12-31 01:25:00",58.9
"Sarah","2026-06-08 21:11:08","2026-06-01","1899-12-31 01:30:00",11
"Sarah","2026-06-08 21:11:08","2026-06-01","1899-12-31 05:45:00",22
"Sarah","2026-06-08 21:11:08","2026-06-01","1899-12-31 05:50:00",77.7
"Sarah","2026-06-08 21:11:08","2026-06-01","1899-12-31 05:55:00",10.3
"Sarah","2026-06-08 21:11:08","2026-06-01","1899-12-31 06:05:00",10.3
"Sarah","2026-06-08 21:11:08","2026-06-01","1899-12-31 06:10:00",5.2
"Sarah","2026-06-08 21:11:08","2026-06-01","1899-12-31 06:15:00",27.1
"Sarah","2026-06-08 21:11:08","2026-06-01","1899-12-31 07:10:00",3.8
"Sarah","2026-06-08 21:11:08","2026-06-01","1899-12-31 07:35:00",71.2
"Sarah","2026-06-08 21:11:08","2026-06-01","1899-12-31 07:40:00",98.3
"Sarah","2026-06-08 21:11:08","2026-06-01","1899-12-31 08:15:00",3.8
"Sarah","2026-06-08 21:11:08","2026-06-01","1899-12-31 08:20:00",43.4
"Sarah","2026-06-08 21:11:08","2026-06-01","1899-12-31 08:25:00",27.2
"Sarah","2026-06-08 21:11:08","2026-06-01","1899-12-31 08:30:00",44.6
"Sarah","2026-06-08 21:11:08","2026-06-01","1899-12-31 09:00:00",20.7
"Sarah","2026-06-08 21:11:08","2026-06-01","1899-12-31 09:05:00",6.5
"Sarah","2026-06-08 21:11:08","2026-06-01","1899-12-31 09:10:00",4.5
"Sarah","2026-06-08 21:11:08","2026-06-01","1899-12-31 09:15:00",19.4
"Sarah","2026-06-08 21:11:08","2026-06-01","1899-12-31 09:25:00",9.7
"Sarah","2026-06-08 21:11:08","2026-06-01","1899-12-31 11:20:00",20.1
"Sarah","2026-06-08 21:11:08","2026-06-01","1899-12-31 11:25:00",31.1
"Sarah","2026-06-08 21:11:08","2026-06-01","1899-12-31 11:35:00",10.3
"Sarah","2026-06-08 21:11:08","2026-06-01","1899-12-31 11:40:00",16.1
"Sarah","2026-06-08 21:11:08","2026-06-01","1899-12-31 12:00:00",43.4
"Sarah","2026-06-08 21:11:08","2026-06-01","1899-12-31 12:05:00",39.4
"Sarah","2026-06-08 21:11:08","2026-06-01","1899-12-31 12:25:00",17.5
"Sarah","2026-06-08 21:11:08","2026-06-01","1899-12-31 13:30:00",6.5
"Sarah","2026-06-08 21:11:08","2026-06-01","1899-12-31 14:10:00",22.7
"Sarah","2026-06-08 21:11:08","2026-06-01","1899-12-31 14:15:00",227.6
"Sarah","2026-06-08 21:11:08","2026-06-01","1899-12-31 14:20:00",395.1
"Sarah","2026-06-08 21:11:08","2026-06-01","1899-12-31 14:25:00",290
"Sarah","2026-06-08 21:11:08","2026-06-01","1899-12-31 14:30:00",54.8
"Sarah","2026-06-08 21:11:08","2026-06-01","1899-12-31 14:35:00",158.9
"Sarah","2026-06-08 21:11:08","2026-06-01","1899-12-31 14:40:00",358.2
"Sarah","2026-06-08 21:11:08","2026-06-01","1899-12-31 14:45:00",232.3
"Sarah","2026-06-08 21:11:08","2026-06-01","1899-12-31 14:50:00",3.2
"Sarah","2026-06-08 21:11:08","2026-06-01","1899-12-31 14:55:00",56.3
"Sarah","2026-06-08 21:11:08","2026-06-01","1899-12-31 15:00:00",5.1
"Sarah","2026-06-08 21:11:08","2026-06-01","1899-12-31 15:10:00",12.3
"Sarah","2026-06-08 21:11:08","2026-06-01","1899-12-31 15:15:00",55
"Sarah","2026-06-08 21:11:08","2026-06-01","1899-12-31 15:20:00",8.3
"Sarah","2026-06-08 21:11:08","2026-06-01","1899-12-31 15:25:00",245
"Sarah","2026-06-08 21:11:08","2026-06-01","1899-12-31 15:30:00",163.9
"Sarah","2026-06-08 21:11:08","2026-06-01","1899-12-31 15:35:00",29
"Sarah","2026-06-08 21:11:08","2026-06-01","1899-12-31 15:40:00",7.7
"Sarah","2026-06-08 21:11:08","2026-06-01","1899-12-31 16:10:00",62.1
"Sarah","2026-06-08 21:11:08","2026-06-01","1899-12-31 16:15:00",27.8
"Sarah","2026-06-08 21:11:08","2026-06-01","1899-12-31 16:25:00",39.5
"Sarah","2026-06-08 21:11:08","2026-06-01","1899-12-31 16:45:00",14.1
"Sarah","2026-06-08 21:11:08","2026-06-01","1899-12-31 16:50:00",34.3
"Sarah","2026-06-08 21:11:08","2026-06-01","1899-12-31 16:55:00",19.4
"Sarah","2026-06-08 21:11:08","2026-06-01","1899-12-31 17:15:00",4.5
"Sarah","2026-06-08 21:11:08","2026-06-01","1899-12-31 17:20:00",3.8
"Sarah","2026-06-08 21:11:08","2026-06-01","1899-12-31 17:45:00",10.3
"Sarah","2026-06-08 21:11:08","2026-06-01","1899-12-31 17:50:00",12.9
"Sarah","2026-06-08 21:11:08","2026-06-01","1899-12-31 18:10:00",153.3
"Sarah","2026-06-08 21:11:08","2026-06-01","1899-12-31 18:15:00",375.5
"Sarah","2026-06-08 21:11:08","2026-06-01","1899-12-31 18:20:00",197
"Sarah","2026-06-08 21:11:08","2026-06-01","1899-12-31 18:25:00",7.7
"Sarah","2026-06-08 21:11:08","2026-06-01","1899-12-31 18:50:00",6.5
"Sarah","2026-06-08 21:11:08","2026-06-01","1899-12-31 18:55:00",19.3
"Sarah","2026-06-08 21:11:08","2026-06-01","1899-12-31 19:00:00",5.2
"Sarah","2026-06-08 21:11:08","2026-06-01","1899-12-31 19:10:00",6.5
"Sarah","2026-06-08 21:11:08","2026-06-01","1899-12-31 19:25:00",16.8
"Sarah","2026-06-08 21:11:08","2026-06-01","1899-12-31 19:30:00",30.4
"Sarah","2026-06-08 21:11:08","2026-06-01","1899-12-31 19:35:00",132.2
"Sarah","2026-06-08 21:11:08","2026-06-01","1899-12-31 19:40:00",52.4
"Sarah","2026-06-08 21:11:08","2026-06-01","1899-12-31 20:00:00",99.8
"Sarah","2026-06-08 21:11:08","2026-06-01","1899-12-31 20:05:00",143.3
"Sarah","2026-06-08 21:11:08","2026-06-01","1899-12-31 20:10:00",45.9
"Sarah","2026-06-08 21:11:08","2026-06-01","1899-12-31 20:15:00",20.7
"Sarah","2026-06-08 21:11:08","2026-06-01","1899-12-31 20:20:00",34.8
"Sarah","2026-06-08 21:11:08","2026-06-01","1899-12-31 20:25:00",62.8
"Sarah","2026-06-08 21:11:08","2026-06-01","1899-12-31 20:30:00",46
"Sarah","2026-06-08 21:11:08","2026-06-01","1899-12-31 20:35:00",125.1
"Sarah","2026-06-08 21:11:08","2026-06-01","1899-12-31 20:40:00",172.4
"Sarah","2026-06-08 21:11:08","2026-06-01","1899-12-31 20:45:00",113.5
"Sarah","2026-06-08 21:11:08","2026-06-01","1899-12-31 20:50:00",18.7
"Sarah","2026-06-08 21:11:08","2026-06-01","1899-12-31 20:55:00",95.8
"Sarah","2026-06-08 21:11:08","2026-06-01","1899-12-31 21:00:00",82.2
"Sarah","2026-06-08 21:11:08","2026-06-01","1899-12-31 21:05:00",21.3
"Sarah","2026-06-08 21:11:08","2026-06-01","1899-12-31 21:10:00",64
"Sarah","2026-06-08 21:11:08","2026-06-01","1899-12-31 21:15:00",52.4
"Sarah","2026-06-08 21:11:08","2026-06-01","1899-12-31 21:20:00",73.8
"Sarah","2026-06-08 21:11:08","2026-06-01","1899-12-31 21:25:00",10.3
"Sarah","2026-06-08 21:11:08","2026-06-01","1899-12-31 21:30:00",57
"Sarah","2026-06-08 21:11:08","2026-06-01","1899-12-31 21:35:00",76.3
"Sarah","2026-06-08 21:11:08","2026-06-01","1899-12-31 21:40:00",44.7
"Sarah","2026-06-08 21:11:08","2026-06-01","1899-12-31 21:45:00",66.7
"Sarah","2026-06-08 21:11:08","2026-06-01","1899-12-31 21:50:00",58.1
"Sarah","2026-06-08 21:11:08","2026-06-01","1899-12-31 21:55:00",78.3
"Sarah","2026-06-08 21:11:08","2026-06-01","1899-12-31 22:00:00",43.2
"Sarah","2026-06-08 21:11:08","2026-06-01","1899-12-31 22:05:00",51.7
"Sarah","2026-06-08 21:11:08","2026-06-01","1899-12-31 22:10:00",38.2
"Sarah","2026-06-08 21:11:08","2026-06-01","1899-12-31 22:15:00",15.4
"Sarah","2026-06-08 21:11:08","2026-06-01","1899-12-31 22:20:00",31.7
"Sarah","2026-06-08 21:11:08","2026-06-01","1899-12-31 22:25:00",126.3
"Sarah","2026-06-08 21:11:08","2026-06-01","1899-12-31 22:30:00",38.1
"Sarah","2026-06-08 21:11:08","2026-06-01","1899-12-31 22:35:00",75
"Sarah","2026-06-08 21:11:08","2026-06-01","1899-12-31 22:40:00",121
"Sarah","2026-06-08 21:11:08","2026-06-01","1899-12-31 22:45:00",94.5
"Sarah","2026-06-08 21:11:08","2026-06-01","1899-12-31 22:50:00",115.9
"Sarah","2026-06-08 21:11:08","2026-06-01","1899-12-31 22:55:00",46.6
"Sarah","2026-06-08 21:11:08","2026-06-01","1899-12-31 23:00:00",16.2
"Sarah","2026-06-08 21:16:09","2026-06-02","1899-12-31 00:20:00",6.5
"Sarah","2026-06-08 21:16:09","2026-06-02","1899-12-31 01:40:00",36.2
"Sarah","2026-06-08 21:16:09","2026-06-02","1899-12-31 01:45:00",20.6
"Sarah","2026-06-08 21:16:09","2026-06-02","1899-12-31 03:15:00",3.8
"Sarah","2026-06-08 21:16:09","2026-06-02","1899-12-31 05:55:00",53.7
"Sarah","2026-06-08 21:16:09","2026-06-02","1899-12-31 09:05:00",9.7
"Sarah","2026-06-08 21:16:09","2026-06-02","1899-12-31 09:10:00",11.7
"Sarah","2026-06-08 21:16:09","2026-06-02","1899-12-31 09:15:00",3.2
"Sarah","2026-06-08 21:16:09","2026-06-02","1899-12-31 09:20:00",16.8
"Sarah","2026-06-08 21:16:09","2026-06-02","1899-12-31 09:25:00",25.9
"Sarah","2026-06-08 21:16:09","2026-06-02","1899-12-31 09:30:00",7.1
"Sarah","2026-06-08 21:16:09","2026-06-02","1899-12-31 09:35:00",40.6
"Sarah","2026-06-08 21:16:09","2026-06-02","1899-12-31 09:40:00",12.1
"Sarah","2026-06-08 21:16:09","2026-06-02","1899-12-31 09:45:00",30.4
"Sarah","2026-06-08 21:16:09","2026-06-02","1899-12-31 10:20:00",7.7
"Sarah","2026-06-08 21:16:09","2026-06-02","1899-12-31 10:45:00",2.6
"Sarah","2026-06-08 21:16:09","2026-06-02","1899-12-31 11:25:00",48.6
"Sarah","2026-06-08 21:16:09","2026-06-02","1899-12-31 11:30:00",181.6
"Sarah","2026-06-08 21:16:09","2026-06-02","1899-12-31 11:35:00",113.4
"Sarah","2026-06-08 21:16:09","2026-06-02","1899-12-31 11:40:00",31.1
"Sarah","2026-06-08 21:16:09","2026-06-02","1899-12-31 12:00:00",5.2
"Sarah","2026-06-08 21:16:09","2026-06-02","1899-12-31 12:45:00",61.6
"Sarah","2026-06-08 21:16:09","2026-06-02","1899-12-31 12:50:00",46
"Sarah","2026-06-08 21:16:09","2026-06-02","1899-12-31 12:55:00",49.7
"Sarah","2026-06-08 21:16:09","2026-06-02","1899-12-31 13:00:00",27.1
"Sarah","2026-06-08 21:16:09","2026-06-02","1899-12-31 13:05:00",61.6
"Sarah","2026-06-08 21:16:09","2026-06-02","1899-12-31 13:10:00",68.6
"Sarah","2026-06-08 21:16:09","2026-06-02","1899-12-31 13:15:00",41.5
"Sarah","2026-06-08 21:16:09","2026-06-02","1899-12-31 13:40:00",5.1
"Sarah","2026-06-08 21:16:09","2026-06-02","1899-12-31 14:10:00",3.8
"Sarah","2026-06-08 21:16:09","2026-06-02","1899-12-31 14:30:00",44.7
"Sarah","2026-06-08 21:16:09","2026-06-02","1899-12-31 14:35:00",86.8
"Sarah","2026-06-08 21:16:09","2026-06-02","1899-12-31 14:40:00",127.7
"Sarah","2026-06-08 21:16:09","2026-06-02","1899-12-31 14:45:00",141.3
"Sarah","2026-06-08 21:16:09","2026-06-02","1899-12-31 14:50:00",12.3
"Sarah","2026-06-08 21:16:09","2026-06-02","1899-12-31 15:35:00",4.5
"Sarah","2026-06-08 21:16:09","2026-06-02","1899-12-31 16:15:00",5.8
"Sarah","2026-06-08 21:16:09","2026-06-02","1899-12-31 16:20:00",103
"Sarah","2026-06-08 21:16:09","2026-06-02","1899-12-31 16:25:00",28.4
"Sarah","2026-06-08 21:16:09","2026-06-02","1899-12-31 16:30:00",109.5
"Sarah","2026-06-08 21:16:09","2026-06-02","1899-12-31 16:35:00",237.4
"Sarah","2026-06-08 21:16:09","2026-06-02","1899-12-31 16:40:00",226
"Sarah","2026-06-08 21:16:09","2026-06-02","1899-12-31 16:45:00",23.1
"Sarah","2026-06-08 21:16:09","2026-06-02","1899-12-31 16:50:00",153.5
"Sarah","2026-06-08 21:16:09","2026-06-02","1899-12-31 16:55:00",326.8
"Sarah","2026-06-08 21:16:09","2026-06-02","1899-12-31 17:00:00",17.3
"Sarah","2026-06-08 21:16:09","2026-06-02","1899-12-31 17:10:00",88.9
"Sarah","2026-06-08 21:16:09","2026-06-02","1899-12-31 17:15:00",32.9
"Sarah","2026-06-08 21:16:09","2026-06-02","1899-12-31 17:20:00",215.8
"Sarah","2026-06-08 21:16:09","2026-06-02","1899-12-31 17:25:00",62.8
"Sarah","2026-06-08 21:16:09","2026-06-02","1899-12-31 17:30:00",52.3
"Sarah","2026-06-08 21:16:09","2026-06-02","1899-12-31 17:35:00",110.2
"Sarah","2026-06-08 21:16:09","2026-06-02","1899-12-31 17:40:00",95.3
"Sarah","2026-06-08 21:16:09","2026-06-02","1899-12-31 17:45:00",48.5
"Sarah","2026-06-08 21:16:09","2026-06-02","1899-12-31 17:50:00",58.8
"Sarah","2026-06-08 21:16:09","2026-06-02","1899-12-31 17:55:00",75.2
"Sarah","2026-06-08 21:16:09","2026-06-02","1899-12-31 18:00:00",116.6
"Sarah","2026-06-08 21:16:09","2026-06-02","1899-12-31 18:05:00",89.3
"Sarah","2026-06-08 21:16:09","2026-06-02","1899-12-31 18:10:00",17.4
"Sarah","2026-06-08 21:16:09","2026-06-02","1899-12-31 18:15:00",68.7
"Sarah","2026-06-08 21:16:09","2026-06-02","1899-12-31 18:20:00",7.1
"Sarah","2026-06-08 21:16:09","2026-06-02","1899-12-31 18:25:00",176.2
"Sarah","2026-06-08 21:16:09","2026-06-02","1899-12-31 18:30:00",152.3
"Sarah","2026-06-08 21:16:09","2026-06-02","1899-12-31 18:35:00",260.2
"Sarah","2026-06-08 21:16:09","2026-06-02","1899-12-31 18:40:00",138
"Sarah","2026-06-08 21:16:09","2026-06-02","1899-12-31 18:45:00",225.3
"Sarah","2026-06-08 21:16:09","2026-06-02","1899-12-31 18:50:00",28.2
"Sarah","2026-06-08 21:16:09","2026-06-02","1899-12-31 18:55:00",107.5
"Sarah","2026-06-08 21:16:09","2026-06-02","1899-12-31 19:00:00",97.7
"Sarah","2026-06-08 21:16:09","2026-06-02","1899-12-31 19:05:00",71.2
"Sarah","2026-06-08 21:16:09","2026-06-02","1899-12-31 19:10:00",40
"Sarah","2026-06-08 21:16:09","2026-06-02","1899-12-31 19:15:00",103.7
"Sarah","2026-06-08 21:16:09","2026-06-02","1899-12-31 19:20:00",159.4
"Sarah","2026-06-08 21:16:09","2026-06-02","1899-12-31 19:25:00",21.3
"Sarah","2026-06-08 21:16:09","2026-06-02","1899-12-31 20:15:00",3.2
"Sarah","2026-06-08 21:16:09","2026-06-02","1899-12-31 20:45:00",31.7
"Sarah","2026-06-08 21:16:09","2026-06-02","1899-12-31 20:50:00",44.1
"Sarah","2026-06-08 21:16:09","2026-06-02","1899-12-31 21:35:00",78.4
"Sarah","2026-06-08 21:16:09","2026-06-02","1899-12-31 21:40:00",46
"Sarah","2026-06-08 21:16:09","2026-06-02","1899-12-31 21:45:00",9.1
"Sarah","2026-06-08 21:16:09","2026-06-02","1899-12-31 21:50:00",31.7
"Sarah","2026-06-08 21:16:09","2026-06-02","1899-12-31 22:05:00",30.4
"Sarah","2026-06-08 21:16:09","2026-06-02","1899-12-31 22:40:00",81.5
"Sarah","2026-06-08 21:16:09","2026-06-02","1899-12-31 22:45:00",41.5
"Sarah","2026-06-08 21:16:09","2026-06-02","1899-12-31 23:05:00",94.1
"Sarah","2026-06-08 21:16:09","2026-06-02","1899-12-31 23:10:00",486.7
"Sarah","2026-06-08 21:16:09","2026-06-02","1899-12-31 23:15:00",88.5
"Sarah","2026-06-08 21:16:09","2026-06-02","1899-12-31 23:40:00",5.8
"Sarah","2026-06-08 21:16:09","2026-06-02","1899-12-31 23:45:00",188.2
"Sarah","2026-06-08 21:16:09","2026-06-02","1899-12-31 23:50:00",37.6
"Sarah","2026-06-08 21:21:56","2026-06-03","1899-12-31 00:15:00",57.7
"Sarah","2026-06-08 21:21:56","2026-06-03","1899-12-31 00:20:00",289.2
"Sarah","2026-06-08 21:21:56","2026-06-03","1899-12-31 00:25:00",220.4
"Sarah","2026-06-08 21:21:56","2026-06-03","1899-12-31 00:30:00",173.8
"Sarah","2026-06-08 21:21:56","2026-06-03","1899-12-31 00:35:00",208
"Sarah","2026-06-08 21:21:56","2026-06-03","1899-12-31 00:40:00",233.3
"Sarah","2026-06-08 21:21:56","2026-06-03","1899-12-31 00:45:00",74.5
"Sarah","2026-06-08 21:21:56","2026-06-03","1899-12-31 02:45:00",3.8
"Sarah","2026-06-08 21:21:56","2026-06-03","1899-12-31 04:55:00",2.6
"Sarah","2026-06-08 21:21:56","2026-06-03","1899-12-31 05:30:00",22.7
"Sarah","2026-06-08 21:21:56","2026-06-03","1899-12-31 05:35:00",64
"Sarah","2026-06-08 21:21:56","2026-06-03","1899-12-31 05:40:00",41.4
"Sarah","2026-06-08 21:21:56","2026-06-03","1899-12-31 05:45:00",31
"Sarah","2026-06-08 21:21:56","2026-06-03","1899-12-31 05:50:00",43.4
"Sarah","2026-06-08 21:21:56","2026-06-03","1899-12-31 05:55:00",33.6
"Sarah","2026-06-08 21:21:56","2026-06-03","1899-12-31 06:00:00",64.1
"Sarah","2026-06-08 21:21:56","2026-06-03","1899-12-31 06:05:00",60.8
"Sarah","2026-06-08 21:21:56","2026-06-03","1899-12-31 06:10:00",21.9
"Sarah","2026-06-08 21:21:56","2026-06-03","1899-12-31 06:15:00",130.9
"Sarah","2026-06-08 21:21:56","2026-06-03","1899-12-31 06:20:00",184.2
"Sarah","2026-06-08 21:21:56","2026-06-03","1899-12-31 06:25:00",331.3
"Sarah","2026-06-08 21:21:56","2026-06-03","1899-12-31 06:30:00",335.9
"Sarah","2026-06-08 21:21:56","2026-06-03","1899-12-31 06:45:00",3.8
"Sarah","2026-06-08 21:21:56","2026-06-03","1899-12-31 06:50:00",7.7
"Sarah","2026-06-08 21:21:56","2026-06-03","1899-12-31 06:55:00",28.4
"Sarah","2026-06-08 21:21:56","2026-06-03","1899-12-31 07:00:00",189
"Sarah","2026-06-08 21:21:56","2026-06-03","1899-12-31 07:05:00",364.4
"Sarah","2026-06-08 21:21:56","2026-06-03","1899-12-31 07:10:00",237.2
"Sarah","2026-06-08 21:21:56","2026-06-03","1899-12-31 07:15:00",35.7
"Sarah","2026-06-08 21:21:56","2026-06-03","1899-12-31 07:20:00",184.6
"Sarah","2026-06-08 21:21:56","2026-06-03","1899-12-31 07:25:00",175.2
"Sarah","2026-06-08 21:21:56","2026-06-03","1899-12-31 07:30:00",31.7
"Sarah","2026-06-08 21:21:56","2026-06-03","1899-12-31 07:35:00",3.8
"Sarah","2026-06-08 21:21:56","2026-06-03","1899-12-31 07:40:00",2.6
"Sarah","2026-06-08 21:21:56","2026-06-03","1899-12-31 07:50:00",89.4
"Sarah","2026-06-08 21:21:56","2026-06-03","1899-12-31 07:55:00",112.1
"Sarah","2026-06-08 21:21:56","2026-06-03","1899-12-31 08:05:00",204.7
"Sarah","2026-06-08 21:21:56","2026-06-03","1899-12-31 08:10:00",8.6
"Sarah","2026-06-08 21:21:56","2026-06-03","1899-12-31 08:15:00",5.1
"Sarah","2026-06-08 21:21:56","2026-06-03","1899-12-31 08:30:00",209.2
"Sarah","2026-06-08 21:21:56","2026-06-03","1899-12-31 08:35:00",10.3
"Sarah","2026-06-08 21:21:56","2026-06-03","1899-12-31 08:40:00",2.6
"Sarah","2026-06-08 21:21:56","2026-06-03","1899-12-31 08:50:00",23.8
"Sarah","2026-06-08 21:21:56","2026-06-03","1899-12-31 08:55:00",3.2
"Sarah","2026-06-08 21:21:56","2026-06-03","1899-12-31 09:00:00",31.7
"Sarah","2026-06-08 21:21:56","2026-06-03","1899-12-31 09:05:00",3.8
"Sarah","2026-06-08 21:21:56","2026-06-03","1899-12-31 09:10:00",107.6
"Sarah","2026-06-08 21:21:56","2026-06-03","1899-12-31 09:15:00",14.8
"Sarah","2026-06-08 21:21:56","2026-06-03","1899-12-31 09:20:00",31
"Sarah","2026-06-08 21:21:56","2026-06-03","1899-12-31 09:25:00",68.5
"Sarah","2026-06-08 21:21:56","2026-06-03","1899-12-31 09:30:00",13.5
"Sarah","2026-06-08 21:21:56","2026-06-03","1899-12-31 09:35:00",20.7
"Sarah","2026-06-08 21:21:56","2026-06-03","1899-12-31 09:40:00",10.9
"Sarah","2026-06-08 21:21:56","2026-06-03","1899-12-31 09:45:00",10.3
"Sarah","2026-06-08 21:21:56","2026-06-03","1899-12-31 09:50:00",25.1
"Sarah","2026-06-08 21:21:56","2026-06-03","1899-12-31 09:55:00",100.3
"Sarah","2026-06-08 21:21:56","2026-06-03","1899-12-31 10:00:00",42.1
"Sarah","2026-06-08 21:21:56","2026-06-03","1899-12-31 10:30:00",7.1
"Sarah","2026-06-08 21:21:56","2026-06-03","1899-12-31 11:00:00",60.2
"Sarah","2026-06-08 21:21:56","2026-06-03","1899-12-31 11:05:00",202.2
"Sarah","2026-06-08 21:21:56","2026-06-03","1899-12-31 11:10:00",188.2
"Sarah","2026-06-08 21:21:56","2026-06-03","1899-12-31 11:15:00",178.3
"Sarah","2026-06-08 21:21:56","2026-06-03","1899-12-31 11:20:00",229.3
"Sarah","2026-06-08 21:21:56","2026-06-03","1899-12-31 11:25:00",33.9
"Sarah","2026-06-08 21:21:56","2026-06-03","1899-12-31 11:45:00",5.2
"Sarah","2026-06-08 21:21:56","2026-06-03","1899-12-31 11:55:00",25.3
"Sarah","2026-06-08 21:21:56","2026-06-03","1899-12-31 12:00:00",49.2
"Sarah","2026-06-08 21:21:56","2026-06-03","1899-12-31 12:15:00",7.1
"Sarah","2026-06-08 21:21:56","2026-06-03","1899-12-31 12:20:00",34.2
"Sarah","2026-06-08 21:21:56","2026-06-03","1899-12-31 12:40:00",79.1
"Sarah","2026-06-08 21:21:56","2026-06-03","1899-12-31 13:00:00",7.1
"Sarah","2026-06-08 21:21:56","2026-06-03","1899-12-31 13:10:00",7.7
"Sarah","2026-06-08 21:21:56","2026-06-03","1899-12-31 13:20:00",37.6
"Sarah","2026-06-08 21:21:56","2026-06-03","1899-12-31 13:35:00",9
"Sarah","2026-06-08 21:21:56","2026-06-03","1899-12-31 13:45:00",18.1
"Sarah","2026-06-08 21:21:56","2026-06-03","1899-12-31 13:50:00",12.3
"Sarah","2026-06-08 21:21:56","2026-06-03","1899-12-31 14:00:00",92.7
"Sarah","2026-06-08 21:21:56","2026-06-03","1899-12-31 14:05:00",114
"Sarah","2026-06-08 21:21:56","2026-06-03","1899-12-31 14:10:00",84.2
"Sarah","2026-06-08 21:21:56","2026-06-03","1899-12-31 14:15:00",90.7
"Sarah","2026-06-08 21:21:56","2026-06-03","1899-12-31 14:20:00",84.9
"Sarah","2026-06-08 21:21:56","2026-06-03","1899-12-31 14:25:00",5.2
"Sarah","2026-06-08 21:21:56","2026-06-03","1899-12-31 14:30:00",16.8
"Sarah","2026-06-08 21:21:56","2026-06-03","1899-12-31 14:35:00",5.1
"Sarah","2026-06-08 21:21:56","2026-06-03","1899-12-31 14:55:00",203.1
"Sarah","2026-06-08 21:21:56","2026-06-03","1899-12-31 15:00:00",183.2
"Sarah","2026-06-08 21:21:56","2026-06-03","1899-12-31 15:05:00",134.4
"Sarah","2026-06-08 21:21:56","2026-06-03","1899-12-31 15:20:00",143.9
"Sarah","2026-06-08 21:21:56","2026-06-03","1899-12-31 15:25:00",76.4
"Sarah","2026-06-08 21:21:56","2026-06-03","1899-12-31 15:30:00",234
"Sarah","2026-06-08 21:21:56","2026-06-03","1899-12-31 15:35:00",116.1
"Sarah","2026-06-08 21:21:56","2026-06-03","1899-12-31 15:40:00",4.5
"Sarah","2026-06-08 21:21:56","2026-06-03","1899-12-31 15:45:00",41.4
"Sarah","2026-06-08 21:21:56","2026-06-03","1899-12-31 15:55:00",80.3
"Sarah","2026-06-08 21:21:56","2026-06-03","1899-12-31 16:00:00",345.2
"Sarah","2026-06-08 21:21:56","2026-06-03","1899-12-31 16:05:00",149.3
"Sarah","2026-06-08 21:21:56","2026-06-03","1899-12-31 16:20:00",20
"Sarah","2026-06-08 21:21:56","2026-06-03","1899-12-31 16:25:00",106.2
"Sarah","2026-06-08 21:21:56","2026-06-03","1899-12-31 16:30:00",307.4
"Sarah","2026-06-08 21:21:56","2026-06-03","1899-12-31 16:35:00",300.8
"Sarah","2026-06-08 21:21:56","2026-06-03","1899-12-31 16:40:00",276.1
"Sarah","2026-06-08 21:21:56","2026-06-03","1899-12-31 16:45:00",189
"Sarah","2026-06-08 21:21:56","2026-06-03","1899-12-31 16:50:00",69.4
"Sarah","2026-06-08 21:21:56","2026-06-03","1899-12-31 16:55:00",55.7
"Sarah","2026-06-08 21:21:56","2026-06-03","1899-12-31 17:00:00",54.9
"Sarah","2026-06-08 21:21:56","2026-06-03","1899-12-31 17:05:00",5.1
"Sarah","2026-06-08 21:21:56","2026-06-03","1899-12-31 17:35:00",14.3
"Sarah","2026-06-08 21:21:56","2026-06-03","1899-12-31 17:40:00",29
"Sarah","2026-06-08 21:21:56","2026-06-03","1899-12-31 18:20:00",63.4
"Sarah","2026-06-08 21:21:56","2026-06-03","1899-12-31 18:25:00",61.6
"Sarah","2026-06-08 21:21:56","2026-06-03","1899-12-31 20:15:00",20.1
"Sarah","2026-06-08 21:21:56","2026-06-03","1899-12-31 20:20:00",79.6
"Sarah","2026-06-08 21:21:56","2026-06-03","1899-12-31 20:25:00",136.7
"Sarah","2026-06-08 21:21:56","2026-06-03","1899-12-31 20:30:00",47.8
"Sarah","2026-06-08 21:21:56","2026-06-03","1899-12-31 20:35:00",59.5
"Sarah","2026-06-08 21:21:56","2026-06-03","1899-12-31 20:40:00",70.6
"Sarah","2026-06-08 21:21:56","2026-06-03","1899-12-31 20:50:00",9
"Sarah","2026-06-08 21:21:56","2026-06-03","1899-12-31 20:55:00",18.7
"Sarah","2026-06-08 21:21:56","2026-06-03","1899-12-31 21:00:00",35
"Sarah","2026-06-08 21:21:56","2026-06-03","1899-12-31 21:05:00",16.1
"Sarah","2026-06-08 21:21:56","2026-06-03","1899-12-31 21:10:00",26.4
"Sarah","2026-06-08 21:21:56","2026-06-03","1899-12-31 21:15:00",42
"Sarah","2026-06-08 21:21:56","2026-06-03","1899-12-31 21:20:00",40.1
"Sarah","2026-06-08 21:21:56","2026-06-03","1899-12-31 21:25:00",127.6
"Sarah","2026-06-08 21:21:56","2026-06-03","1899-12-31 21:30:00",52.4
"Sarah","2026-06-08 21:21:56","2026-06-03","1899-12-31 21:35:00",82.3
"Sarah","2026-06-08 21:21:56","2026-06-03","1899-12-31 21:40:00",144.5
"Sarah","2026-06-08 21:21:56","2026-06-03","1899-12-31 21:45:00",31.6
"Sarah","2026-06-08 21:21:56","2026-06-03","1899-12-31 22:20:00",67.4
"Sarah","2026-06-08 21:21:56","2026-06-03","1899-12-31 22:25:00",124.9
"Sarah","2026-06-08 21:21:56","2026-06-03","1899-12-31 22:30:00",28.4
"Sarah","2026-06-08 21:21:56","2026-06-03","1899-12-31 22:35:00",60.8
"Sarah","2026-06-08 21:21:56","2026-06-03","1899-12-31 22:40:00",22.6
"Sarah","2026-06-08 21:21:56","2026-06-03","1899-12-31 22:45:00",11.6
"Sarah","2026-06-08 21:21:56","2026-06-03","1899-12-31 22:50:00",7.7
"Sarah","2026-06-08 21:21:56","2026-06-03","1899-12-31 22:55:00",38.2
"Sarah","2026-06-08 21:21:56","2026-06-03","1899-12-31 23:00:00",104.4
"Sarah","2026-06-08 21:21:56","2026-06-03","1899-12-31 23:05:00",67.3
"Sarah","2026-06-08 21:30:09","2026-06-04","1899-12-31 02:40:00",62.8
"Sarah","2026-06-08 21:30:09","2026-06-04","1899-12-31 02:45:00",7.1
"Sarah","2026-06-08 21:30:09","2026-06-04","1899-12-31 04:05:00",5.1
"Sarah","2026-06-08 21:30:09","2026-06-04","1899-12-31 07:05:00",5.2
"Sarah","2026-06-08 21:30:09","2026-06-04","1899-12-31 08:00:00",6.4
"Sarah","2026-06-08 21:30:09","2026-06-04","1899-12-31 11:35:00",29.8
"Sarah","2026-06-08 21:30:09","2026-06-04","1899-12-31 11:40:00",39.5
"Sarah","2026-06-08 21:30:09","2026-06-04","1899-12-31 11:45:00",4.5
"Sarah","2026-06-08 21:30:09","2026-06-04","1899-12-31 12:00:00",3.8
"Sarah","2026-06-08 21:30:09","2026-06-04","1899-12-31 12:15:00",21.3
"Sarah","2026-06-08 21:30:09","2026-06-04","1899-12-31 12:20:00",24.6
"Sarah","2026-06-08 21:30:09","2026-06-04","1899-12-31 14:45:00",7.1
"Sarah","2026-06-08 21:30:09","2026-06-04","1899-12-31 14:50:00",46
"Sarah","2026-06-08 21:30:09","2026-06-04","1899-12-31 16:25:00",14.2
"Sarah","2026-06-08 21:30:09","2026-06-04","1899-12-31 16:30:00",33.5
"Sarah","2026-06-08 21:30:09","2026-06-04","1899-12-31 16:35:00",52.4
"Sarah","2026-06-08 21:30:09","2026-06-04","1899-12-31 17:50:00",14.9
"Sarah","2026-06-08 21:30:09","2026-06-04","1899-12-31 19:05:00",5.2
"Sarah","2026-06-08 21:30:09","2026-06-04","1899-12-31 19:10:00",9
"Sarah","2026-06-08 21:30:09","2026-06-04","1899-12-31 20:25:00",10.3
"Sarah","2026-06-08 21:30:09","2026-06-04","1899-12-31 20:30:00",21.4
"Sarah","2026-06-08 21:30:09","2026-06-04","1899-12-31 20:45:00",96.5
"Sarah","2026-06-08 21:30:09","2026-06-04","1899-12-31 20:50:00",77.1
"Sarah","2026-06-08 21:30:09","2026-06-04","1899-12-31 20:55:00",45.3
"Sarah","2026-06-08 21:30:09","2026-06-04","1899-12-31 21:00:00",27.9
"Sarah","2026-06-08 21:30:09","2026-06-04","1899-12-31 21:30:00",4.5
"Sarah","2026-06-08 21:30:09","2026-06-04","1899-12-31 21:35:00",41.4
"Sarah","2026-06-08 21:30:09","2026-06-04","1899-12-31 23:20:00",72.6
"Sarah","2026-06-08 21:30:09","2026-06-04","1899-12-31 23:25:00",37.5
"Sarah","2026-06-08 21:30:09","2026-06-04","1899-12-31 23:35:00",52.4
"Sarah","2026-06-08 21:45:30","2026-06-05","1899-12-31 01:20:00",3.2
"Sarah","2026-06-08 21:45:30","2026-06-05","1899-12-31 01:55:00",50.5
"Sarah","2026-06-08 21:45:30","2026-06-05","1899-12-31 02:00:00",54.4
"Sarah","2026-06-08 21:45:30","2026-06-05","1899-12-31 06:25:00",36.9
"Sarah","2026-06-08 21:45:30","2026-06-05","1899-12-31 06:30:00",95.9
"Sarah","2026-06-08 21:45:30","2026-06-05","1899-12-31 06:35:00",79.7
"Sarah","2026-06-08 21:45:30","2026-06-05","1899-12-31 06:40:00",4.5
"Sarah","2026-06-08 21:45:30","2026-06-05","1899-12-31 07:20:00",33.6
"Sarah","2026-06-08 21:45:30","2026-06-05","1899-12-31 07:25:00",3.8
"Sarah","2026-06-08 21:45:30","2026-06-05","1899-12-31 07:30:00",255
"Sarah","2026-06-08 21:45:30","2026-06-05","1899-12-31 07:35:00",92.2
"Sarah","2026-06-08 21:45:30","2026-06-05","1899-12-31 07:40:00",13
"Sarah","2026-06-08 21:45:30","2026-06-05","1899-12-31 07:45:00",44.1
"Sarah","2026-06-08 21:45:30","2026-06-05","1899-12-31 07:50:00",68.5
"Sarah","2026-06-08 21:45:30","2026-06-05","1899-12-31 07:55:00",191.2
"Sarah","2026-06-08 21:45:30","2026-06-05","1899-12-31 08:05:00",47.2
"Sarah","2026-06-08 21:45:30","2026-06-05","1899-12-31 08:10:00",108.1
"Sarah","2026-06-08 21:45:30","2026-06-05","1899-12-31 08:15:00",22.6
"Sarah","2026-06-08 21:45:30","2026-06-05","1899-12-31 08:35:00",21.4
"Sarah","2026-06-08 21:45:30","2026-06-05","1899-12-31 08:45:00",5.1
"Sarah","2026-06-08 21:45:30","2026-06-05","1899-12-31 08:50:00",18.1
"Sarah","2026-06-08 21:45:30","2026-06-05","1899-12-31 08:55:00",44.7
"Sarah","2026-06-08 21:45:30","2026-06-05","1899-12-31 09:10:00",75.1
"Sarah","2026-06-08 21:45:30","2026-06-05","1899-12-31 09:20:00",22.6
"Sarah","2026-06-08 21:45:30","2026-06-05","1899-12-31 09:30:00",5.2
"Sarah","2026-06-08 21:45:30","2026-06-05","1899-12-31 09:35:00",5.2
"Sarah","2026-06-08 21:45:30","2026-06-05","1899-12-31 09:45:00",5.8
"Sarah","2026-06-08 21:45:30","2026-06-05","1899-12-31 09:50:00",13.5
"Sarah","2026-06-08 21:45:30","2026-06-05","1899-12-31 09:55:00",87.3
"Sarah","2026-06-08 21:45:30","2026-06-05","1899-12-31 10:15:00",32.4
"Sarah","2026-06-08 21:45:30","2026-06-05","1899-12-31 10:20:00",165.5
"Sarah","2026-06-08 21:45:30","2026-06-05","1899-12-31 10:25:00",121.1
"Sarah","2026-06-08 21:45:30","2026-06-05","1899-12-31 10:30:00",256.7
"Sarah","2026-06-08 21:45:30","2026-06-05","1899-12-31 10:35:00",141.1
"Sarah","2026-06-08 21:45:30","2026-06-05","1899-12-31 10:40:00",2.6
"Sarah","2026-06-08 21:45:30","2026-06-05","1899-12-31 11:15:00",5.1
"Sarah","2026-06-08 21:45:30","2026-06-05","1899-12-31 11:20:00",40
"Sarah","2026-06-08 21:45:30","2026-06-05","1899-12-31 11:25:00",57.7
"Sarah","2026-06-08 21:45:30","2026-06-05","1899-12-31 11:50:00",3.2
"Sarah","2026-06-08 21:45:30","2026-06-05","1899-12-31 12:35:00",73.2
"Sarah","2026-06-08 21:45:30","2026-06-05","1899-12-31 12:40:00",37.5
"Sarah","2026-06-08 21:45:30","2026-06-05","1899-12-31 13:25:00",13.5
"Sarah","2026-06-08 21:45:30","2026-06-05","1899-12-31 13:50:00",82.2
"Sarah","2026-06-08 21:45:30","2026-06-05","1899-12-31 13:55:00",250.8
"Sarah","2026-06-08 21:45:30","2026-06-05","1899-12-31 14:00:00",53.7
"Sarah","2026-06-08 21:45:30","2026-06-05","1899-12-31 14:30:00",2.6
"Sarah","2026-06-08 21:45:30","2026-06-05","1899-12-31 14:55:00",32.4
"Sarah","2026-06-08 21:45:30","2026-06-05","1899-12-31 15:00:00",55.7
"Sarah","2026-06-08 21:45:30","2026-06-05","1899-12-31 15:05:00",5.1
"Sarah","2026-06-08 21:45:30","2026-06-05","1899-12-31 15:15:00",3.2
"Sarah","2026-06-08 21:45:30","2026-06-05","1899-12-31 15:20:00",176.4
"Sarah","2026-06-08 21:45:30","2026-06-05","1899-12-31 15:25:00",18.8
"Sarah","2026-06-08 21:45:30","2026-06-05","1899-12-31 15:55:00",314.3
"Sarah","2026-06-08 21:45:30","2026-06-05","1899-12-31 16:00:00",85.3
"Sarah","2026-06-08 21:45:30","2026-06-05","1899-12-31 16:05:00",14.2
"Sarah","2026-06-08 21:45:30","2026-06-05","1899-12-31 16:10:00",171.7
"Sarah","2026-06-08 21:45:30","2026-06-05","1899-12-31 16:15:00",101.7
"Sarah","2026-06-08 21:45:30","2026-06-05","1899-12-31 16:20:00",117.3
"Sarah","2026-06-08 21:45:30","2026-06-05","1899-12-31 16:25:00",48.3
"Sarah","2026-06-08 21:45:30","2026-06-05","1899-12-31 16:30:00",51
"Sarah","2026-06-08 21:45:30","2026-06-05","1899-12-31 16:35:00",151.7
"Sarah","2026-06-08 21:45:30","2026-06-05","1899-12-31 16:40:00",20.6
"Sarah","2026-06-08 21:45:30","2026-06-05","1899-12-31 16:45:00",7.7
"Sarah","2026-06-08 21:45:30","2026-06-05","1899-12-31 16:55:00",188.6
"Sarah","2026-06-08 21:45:30","2026-06-05","1899-12-31 17:00:00",91.9
"Sarah","2026-06-08 21:45:30","2026-06-05","1899-12-31 20:00:00",32.2
"Sarah","2026-06-08 21:45:30","2026-06-05","1899-12-31 20:05:00",42.1
"Sarah","2026-06-08 21:45:30","2026-06-05","1899-12-31 20:10:00",47.3
"Sarah","2026-06-08 21:45:30","2026-06-05","1899-12-31 20:15:00",105.6
"Sarah","2026-06-08 21:45:30","2026-06-05","1899-12-31 20:20:00",79.1
"Sarah","2026-06-08 21:45:30","2026-06-05","1899-12-31 20:25:00",125
"Sarah","2026-06-08 21:45:30","2026-06-05","1899-12-31 20:30:00",7.7
"Sarah","2026-06-08 21:45:30","2026-06-05","1899-12-31 21:05:00",23.2
"Sarah","2026-06-08 21:45:30","2026-06-05","1899-12-31 21:25:00",3.8
"Sarah","2026-06-08 21:45:30","2026-06-05","1899-12-31 21:30:00",47.2
"Sarah","2026-06-08 21:45:30","2026-06-05","1899-12-31 21:35:00",29.1
"Sarah","2026-06-08 21:45:30","2026-06-05","1899-12-31 22:00:00",34.1
"Sarah","2026-06-08 21:45:30","2026-06-05","1899-12-31 23:00:00",40.1
"Sarah","2026-06-08 21:45:30","2026-06-05","1899-12-31 23:05:00",18.7
"Sarah","2026-06-08 21:45:30","2026-06-05","1899-12-31 23:20:00",2.6
"Sarah","2026-06-08 21:45:30","2026-06-05","1899-12-31 23:30:00",13
"Sarah","2026-06-08 21:45:30","2026-06-05","1899-12-31 23:45:00",35
"Sarah","2026-06-08 21:45:30","2026-06-05","1899-12-31 23:50:00",63.4
"Sarah","2026-06-08 21:45:30","2026-06-05","1899-12-31 23:55:00",99.7
"Sarah","2026-06-08 21:48:44","2026-06-06","1899-12-31 03:15:00",4.5
"Sarah","2026-06-08 21:48:44","2026-06-06","1899-12-31 05:10:00",5.1
"Sarah","2026-06-08 21:48:44","2026-06-06","1899-12-31 11:25:00",39.5
"Sarah","2026-06-08 21:48:44","2026-06-06","1899-12-31 11:30:00",34.8
"Sarah","2026-06-08 21:48:44","2026-06-06","1899-12-31 11:35:00",76.4
"Sarah","2026-06-08 21:48:44","2026-06-06","1899-12-31 11:40:00",10.3
"Sarah","2026-06-08 21:48:44","2026-06-06","1899-12-31 13:05:00",27.7
"Sarah","2026-06-08 21:48:44","2026-06-06","1899-12-31 13:10:00",23.3
"Sarah","2026-06-08 21:48:44","2026-06-06","1899-12-31 13:30:00",21.3
"Sarah","2026-06-08 21:48:44","2026-06-06","1899-12-31 13:50:00",4.5
"Sarah","2026-06-08 21:48:44","2026-06-06","1899-12-31 14:00:00",5.1
"Sarah","2026-06-08 21:48:44","2026-06-06","1899-12-31 14:05:00",42
"Sarah","2026-06-08 21:48:44","2026-06-06","1899-12-31 14:10:00",47.8
"Sarah","2026-06-08 21:48:44","2026-06-06","1899-12-31 14:15:00",45.3
"Sarah","2026-06-08 21:48:44","2026-06-06","1899-12-31 14:25:00",25.3
"Sarah","2026-06-08 21:48:44","2026-06-06","1899-12-31 14:30:00",1.2
"Sarah","2026-06-08 21:48:44","2026-06-06","1899-12-31 15:05:00",12.9
"Sarah","2026-06-08 21:48:44","2026-06-06","1899-12-31 15:10:00",13.6
"Sarah","2026-06-08 21:48:44","2026-06-06","1899-12-31 15:15:00",3.8
"Sarah","2026-06-08 21:48:44","2026-06-06","1899-12-31 15:20:00",23.3
"Sarah","2026-06-08 21:48:44","2026-06-06","1899-12-31 15:25:00",12.9
"Sarah","2026-06-08 21:48:44","2026-06-06","1899-12-31 15:35:00",11.6
"Sarah","2026-06-08 21:48:44","2026-06-06","1899-12-31 15:45:00",5.8
"Sarah","2026-06-08 21:48:44","2026-06-06","1899-12-31 15:50:00",25.2
"Sarah","2026-06-08 21:48:44","2026-06-06","1899-12-31 15:55:00",7.1
"Sarah","2026-06-08 21:48:44","2026-06-06","1899-12-31 16:00:00",5.1
"Sarah","2026-06-08 21:48:44","2026-06-06","1899-12-31 16:05:00",7.1
"Sarah","2026-06-08 21:48:44","2026-06-06","1899-12-31 16:25:00",105.1
"Sarah","2026-06-08 21:48:44","2026-06-06","1899-12-31 16:30:00",23.8
"Sarah","2026-06-08 21:48:44","2026-06-06","1899-12-31 16:50:00",68.6
"Sarah","2026-06-08 21:48:44","2026-06-06","1899-12-31 16:55:00",110.1
"Sarah","2026-06-08 21:48:44","2026-06-06","1899-12-31 17:05:00",18.8
"Sarah","2026-06-08 21:48:44","2026-06-06","1899-12-31 17:10:00",28.9
"Sarah","2026-06-08 21:48:44","2026-06-06","1899-12-31 17:15:00",47.9
"Sarah","2026-06-08 21:48:44","2026-06-06","1899-12-31 17:20:00",37.5
"Sarah","2026-06-08 21:48:44","2026-06-06","1899-12-31 17:25:00",49.9
"Sarah","2026-06-08 21:48:44","2026-06-06","1899-12-31 17:30:00",5.8
"Sarah","2026-06-08 21:48:44","2026-06-06","1899-12-31 17:55:00",38.2
"Sarah","2026-06-08 21:48:44","2026-06-06","1899-12-31 18:00:00",138
"Sarah","2026-06-08 21:48:44","2026-06-06","1899-12-31 18:15:00",28.4
"Sarah","2026-06-08 21:48:44","2026-06-06","1899-12-31 18:20:00",21.3
"Sarah","2026-06-08 21:48:44","2026-06-06","1899-12-31 18:45:00",84.2
"Sarah","2026-06-08 21:48:44","2026-06-06","1899-12-31 18:50:00",26.5
"Sarah","2026-06-08 21:48:44","2026-06-06","1899-12-31 18:55:00",8.4
"Sarah","2026-06-08 21:48:44","2026-06-06","1899-12-31 19:00:00",5.2
"Sarah","2026-06-08 21:48:44","2026-06-06","1899-12-31 19:05:00",19.4
"Sarah","2026-06-08 21:48:44","2026-06-06","1899-12-31 19:10:00",56.3
"Sarah","2026-06-08 21:48:44","2026-06-06","1899-12-31 19:15:00",48.6
"Sarah","2026-06-08 21:48:44","2026-06-06","1899-12-31 19:20:00",32.3
"Sarah","2026-06-08 21:48:44","2026-06-06","1899-12-31 19:25:00",186
"Sarah","2026-06-08 21:48:44","2026-06-06","1899-12-31 19:50:00",5.8
"Sarah","2026-06-08 21:48:44","2026-06-06","1899-12-31 19:55:00",51.2
"Sarah","2026-06-08 21:54:16","2026-06-07","1899-12-31",22.6
"Sarah","2026-06-08 21:54:16","2026-06-07","1899-12-31 00:05:00",21.4
"Sarah","2026-06-08 21:54:16","2026-06-07","1899-12-31 00:10:00",18.6
"Sarah","2026-06-08 21:54:16","2026-06-07","1899-12-31 00:15:00",8.4
"Sarah","2026-06-08 21:54:16","2026-06-07","1899-12-31 00:20:00",9
"Sarah","2026-06-08 21:54:16","2026-06-07","1899-12-31 00:25:00",16.8
"Sarah","2026-06-08 21:54:16","2026-06-07","1899-12-31 00:30:00",21.8
"Sarah","2026-06-08 21:54:16","2026-06-07","1899-12-31 00:35:00",68.6
"Sarah","2026-06-08 21:54:16","2026-06-07","1899-12-31 00:40:00",38.8
"Sarah","2026-06-08 21:54:16","2026-06-07","1899-12-31 00:45:00",18.1
"Sarah","2026-06-08 21:54:16","2026-06-07","1899-12-31 01:05:00",7.1
"Sarah","2026-06-08 21:54:16","2026-06-07","1899-12-31 01:10:00",5.8
"Sarah","2026-06-08 21:54:16","2026-06-07","1899-12-31 01:15:00",22
"Sarah","2026-06-08 21:54:16","2026-06-07","1899-12-31 02:00:00",5.1
"Sarah","2026-06-08 21:54:16","2026-06-07","1899-12-31 02:05:00",8.4
"Sarah","2026-06-08 21:54:16","2026-06-07","1899-12-31 02:10:00",5.1
"Sarah","2026-06-08 21:54:16","2026-06-07","1899-12-31 02:15:00",5.1
"Sarah","2026-06-08 21:54:16","2026-06-07","1899-12-31 02:45:00",26.5
"Sarah","2026-06-08 21:54:16","2026-06-07","1899-12-31 02:50:00",22
"Sarah","2026-06-08 21:54:16","2026-06-07","1899-12-31 03:00:00",6.4
"Sarah","2026-06-08 21:54:16","2026-06-07","1899-12-31 03:05:00",14.2
"Sarah","2026-06-08 21:54:16","2026-06-07","1899-12-31 03:10:00",5.8
"Sarah","2026-06-08 21:54:16","2026-06-07","1899-12-31 04:20:00",3.8
"Sarah","2026-06-08 21:54:16","2026-06-07","1899-12-31 11:00:00",7.7
"Sarah","2026-06-08 21:54:16","2026-06-07","1899-12-31 11:05:00",59.6
"Sarah","2026-06-08 21:54:16","2026-06-07","1899-12-31 11:10:00",64.8
"Sarah","2026-06-08 21:54:16","2026-06-07","1899-12-31 11:15:00",19.4
"Sarah","2026-06-08 21:54:16","2026-06-07","1899-12-31 11:30:00",9
"Sarah","2026-06-08 21:54:16","2026-06-07","1899-12-31 11:35:00",10.3
"Sarah","2026-06-08 21:54:16","2026-06-07","1899-12-31 11:40:00",68.6
"Sarah","2026-06-08 21:54:16","2026-06-07","1899-12-31 11:45:00",5.2
"Sarah","2026-06-08 21:54:16","2026-06-07","1899-12-31 11:50:00",37.5
"Sarah","2026-06-08 21:54:16","2026-06-07","1899-12-31 11:55:00",25.9
"Sarah","2026-06-08 21:54:16","2026-06-07","1899-12-31 12:20:00",9
"Sarah","2026-06-08 21:54:16","2026-06-07","1899-12-31 12:25:00",59
"Sarah","2026-06-08 21:54:16","2026-06-07","1899-12-31 12:30:00",11
"Sarah","2026-06-08 21:54:16","2026-06-07","1899-12-31 12:35:00",20
"Sarah","2026-06-08 21:54:16","2026-06-07","1899-12-31 12:45:00",33
"Sarah","2026-06-08 21:54:16","2026-06-07","1899-12-31 12:50:00",29.1
"Sarah","2026-06-08 21:54:16","2026-06-07","1899-12-31 12:55:00",79.7
"Sarah","2026-06-08 21:54:16","2026-06-07","1899-12-31 13:05:00",94.5
"Sarah","2026-06-08 21:54:16","2026-06-07","1899-12-31 13:10:00",29.8
"Sarah","2026-06-08 21:54:16","2026-06-07","1899-12-31 13:50:00",28.4
"Sarah","2026-06-08 21:54:16","2026-06-07","1899-12-31 14:20:00",5.8
"Sarah","2026-06-08 21:54:16","2026-06-07","1899-12-31 15:40:00",27.9
"Sarah","2026-06-08 21:54:16","2026-06-07","1899-12-31 15:45:00",16.8
"Sarah","2026-06-08 21:54:16","2026-06-07","1899-12-31 15:50:00",57.7
"Sarah","2026-06-08 21:54:16","2026-06-07","1899-12-31 15:55:00",26.4
"Sarah","2026-06-08 21:54:16","2026-06-07","1899-12-31 16:00:00",41.9
"Sarah","2026-06-08 21:54:16","2026-06-07","1899-12-31 16:05:00",50.9
"Sarah","2026-06-08 21:54:16","2026-06-07","1899-12-31 16:10:00",96.6
"Sarah","2026-06-08 21:54:16","2026-06-07","1899-12-31 16:15:00",29.7
"Sarah","2026-06-08 21:54:16","2026-06-07","1899-12-31 16:20:00",3.8
"Sarah","2026-06-08 21:54:16","2026-06-07","1899-12-31 16:25:00",51.7
"Sarah","2026-06-08 21:54:16","2026-06-07","1899-12-31 16:30:00",25.9
"Sarah","2026-06-08 21:54:16","2026-06-07","1899-12-31 16:45:00",18.8
"Sarah","2026-06-08 21:54:16","2026-06-07","1899-12-31 16:50:00",31.6
"Sarah","2026-06-08 21:54:16","2026-06-07","1899-12-31 16:55:00",31.6
"Sarah","2026-06-08 21:54:16","2026-06-07","1899-12-31 17:00:00",20.6
"Sarah","2026-06-08 21:54:16","2026-06-07","1899-12-31 17:25:00",26.5
"Sarah","2026-06-08 21:54:16","2026-06-07","1899-12-31 17:30:00",27.7
"Sarah","2026-06-08 21:54:16","2026-06-07","1899-12-31 17:35:00",48.5
"Sarah","2026-06-08 21:54:16","2026-06-07","1899-12-31 17:40:00",22
"Sarah","2026-06-08 21:54:16","2026-06-07","1899-12-31 17:55:00",9.6
"Sarah","2026-06-08 21:54:16","2026-06-07","1899-12-31 18:00:00",18.7
"Sarah","2026-06-08 21:54:16","2026-06-07","1899-12-31 18:05:00",91.4
"Sarah","2026-06-08 21:54:16","2026-06-07","1899-12-31 18:10:00",81.6
"Sarah","2026-06-08 21:54:16","2026-06-07","1899-12-31 18:15:00",138.7
"Sarah","2026-06-08 21:54:16","2026-06-07","1899-12-31 18:20:00",124.4
"Sarah","2026-06-08 21:54:16","2026-06-07","1899-12-31 18:25:00",11
"Sarah","2026-06-08 21:54:16","2026-06-07","1899-12-31 18:35:00",20.7
"Sarah","2026-06-08 21:54:16","2026-06-07","1899-12-31 18:45:00",4.5
"Sarah","2026-06-08 21:54:16","2026-06-07","1899-12-31 18:50:00",10.3
"Sarah","2026-06-08 21:54:16","2026-06-07","1899-12-31 18:55:00",7.7
"Sarah","2026-06-08 21:54:16","2026-06-07","1899-12-31 19:20:00",18.1
"Sarah","2026-06-08 21:54:16","2026-06-07","1899-12-31 19:25:00",35.6
"Sarah","2026-06-08 21:54:16","2026-06-07","1899-12-31 19:40:00",7.1
"Sarah","2026-06-08 21:54:16","2026-06-07","1899-12-31 19:50:00",3.8
"Sarah","2026-06-08 21:54:16","2026-06-07","1899-12-31 19:55:00",29.8
"Sarah","2026-06-08 21:54:16","2026-06-07","1899-12-31 20:00:00",302.8
"Sarah","2026-06-08 21:54:16","2026-06-07","1899-12-31 20:05:00",8.3
"Sarah","2026-06-08 21:54:16","2026-06-07","1899-12-31 20:10:00",9.6
"Sarah","2026-06-08 21:54:16","2026-06-07","1899-12-31 20:15:00",3.2
"Sarah","2026-06-08 21:54:16","2026-06-07","1899-12-31 20:20:00",100.5
"Sarah","2026-06-08 21:54:16","2026-06-07","1899-12-31 20:25:00",317.5
"Sarah","2026-06-08 21:54:16","2026-06-07","1899-12-31 20:30:00",3.8
"Sarah","2026-06-08 21:54:16","2026-06-07","1899-12-31 20:35:00",5.8
"Sarah","2026-06-08 21:54:16","2026-06-07","1899-12-31 20:40:00",22.6
"Sarah","2026-06-08 21:54:16","2026-06-07","1899-12-31 20:45:00",154.3
"Sarah","2026-06-08 21:54:16","2026-06-07","1899-12-31 20:50:00",22
"Sarah","2026-06-08 21:54:16","2026-06-07","1899-12-31 21:05:00",29.1
"Sarah","2026-06-08 21:54:16","2026-06-07","1899-12-31 21:10:00",15.5
"Sarah","2026-06-08 21:54:16","2026-06-07","1899-12-31 21:20:00",300.6
"Sarah","2026-06-08 21:54:16","2026-06-07","1899-12-31 21:25:00",289.5
"Sarah","2026-06-08 21:54:16","2026-06-07","1899-12-31 21:30:00",338.5
"Sarah","2026-06-08 21:54:16","2026-06-07","1899-12-31 21:35:00",200.3
"Sarah","2026-06-08 21:54:16","2026-06-07","1899-12-31 21:40:00",60.8
"Sarah","2026-06-08 21:54:16","2026-06-07","1899-12-31 21:45:00",23.5
"Sarah","2026-06-08 21:54:16","2026-06-07","1899-12-31 21:50:00",64.1
"Sarah","2026-06-08 21:54:16","2026-06-07","1899-12-31 21:55:00",67.9
"Sarah","2026-06-08 21:54:16","2026-06-07","1899-12-31 22:00:00",44.6
"Sarah","2026-06-08 21:54:16","2026-06-07","1899-12-31 22:05:00",102.3
"Sarah","2026-06-08 21:54:16","2026-06-07","1899-12-31 22:10:00",20.7
"Sarah","2026-06-08 21:54:16","2026-06-07","1899-12-31 22:15:00",11.6
"Sarah","2026-06-08 21:54:16","2026-06-07","1899-12-31 22:20:00",9
"Sarah","2026-06-08 21:54:16","2026-06-07","1899-12-31 22:30:00",4.5
"Sarah","2026-06-08 21:54:16","2026-06-07","1899-12-31 22:45:00",25.8
"Sarah","2026-06-08 21:54:16","2026-06-07","1899-12-31 22:50:00",38.1
"Sarah","2026-06-08 21:54:16","2026-06-07","1899-12-31 22:55:00",50.4
"Sarah","2026-06-08 21:54:16","2026-06-07","1899-12-31 23:00:00",0.6
"Sarah","2026-06-08 21:54:16","2026-06-07","1899-12-31 23:15:00",34.2
"Sarah","2026-06-08 21:54:16","2026-06-07","1899-12-31 23:20:00",10.3
"Sarah","2026-06-08 21:54:16","2026-06-07","1899-12-31 23:25:00",91.3
"Sarah","2026-06-08 21:54:16","2026-06-07","1899-12-31 23:30:00",52.4
"Sarah","2026-06-08 21:54:16","2026-06-07","1899-12-31 23:45:00",11.6
"Sarah","2026-06-08 21:54:16","2026-06-07","1899-12-31 23:50:00",22
"Sarah","2026-06-08 22:01:36","2026-06-08","1899-12-31 00:05:00",56.3
"Sarah","2026-06-08 22:01:36","2026-06-08","1899-12-31 00:10:00",58.3
"Sarah","2026-06-08 22:01:36","2026-06-08","1899-12-31 00:45:00",14.8
"Sarah","2026-06-08 22:01:36","2026-06-08","1899-12-31 01:40:00",3.8
"Sarah","2026-06-08 22:01:36","2026-06-08","1899-12-31 02:15:00",43.3
"Sarah","2026-06-08 22:01:36","2026-06-08","1899-12-31 03:10:00",3.8
"Sarah","2026-06-08 22:01:36","2026-06-08","1899-12-31 03:50:00",24
"Sarah","2026-06-08 22:01:36","2026-06-08","1899-12-31 04:15:00",4.5
"Sarah","2026-06-08 22:01:36","2026-06-08","1899-12-31 20:25:00",17.5
"Sarah","2026-06-08 22:01:36","2026-06-08","1899-12-31 21:15:00",9
"Sarah","2026-06-08 22:01:36","2026-06-08","1899-12-31 21:20:00",11.6
"Sarah","2026-06-08 22:01:36","2026-06-08","1899-12-31 21:25:00",38.2
"Sarah","2026-06-08 22:01:36","2026-06-08","1899-12-31 22:00:00",37.5
"Sarah","2026-06-08 22:01:36","2026-06-08","1899-12-31 22:05:00",2.6
"Sarah","2026-06-08 22:01:36","2026-06-08","1899-12-31 22:20:00",2.6
"Sarah","2026-06-08 22:01:36","2026-06-08","1899-12-31 22:30:00",5.8
"Sarah","2026-06-08 22:01:36","2026-06-08","1899-12-31 23:00:00",35
