"participantID","datetime_fetch","date","timestamp","rmssd_ms"
"Sarah","2026-06-08 23:40:32","2026-05-29","2026-05-29T05:50:00Z",20.9
"Sarah","2026-06-08 23:40:32","2026-05-29","2026-05-29T05:55:00Z",19.7
"Sarah","2026-06-08 23:40:32","2026-05-29","2026-05-29T06:00:00Z",23.5
"Sarah","2026-06-08 23:40:32","2026-05-29","2026-05-29T06:05:00Z",21.2
"Sarah","2026-06-08 23:40:32","2026-05-29","2026-05-29T06:10:00Z",19.1
"Sarah","2026-06-08 23:40:32","2026-05-29","2026-05-29T06:15:00Z",20.7
"Sarah","2026-06-08 23:40:32","2026-05-29","2026-05-29T06:20:00Z",21.3
"Sarah","2026-06-08 23:40:32","2026-05-29","2026-05-29T06:25:00Z",24.8
"Sarah","2026-06-08 23:40:32","2026-05-29","2026-05-29T06:30:00Z",23.4
"Sarah","2026-06-08 23:40:32","2026-05-29","2026-05-29T06:35:00Z",21.9
"Sarah","2026-06-08 23:40:32","2026-05-29","2026-05-29T06:40:00Z",22.3
"Sarah","2026-06-08 23:40:32","2026-05-29","2026-05-29T06:45:00Z",18.6
"Sarah","2026-06-08 23:40:32","2026-05-29","2026-05-29T06:50:00Z",15.7
"Sarah","2026-06-08 23:40:32","2026-05-29","2026-05-29T06:55:00Z",24.9
"Sarah","2026-06-08 23:40:32","2026-05-29","2026-05-29T07:00:00Z",19.1
"Sarah","2026-06-08 23:40:32","2026-05-29","2026-05-29T07:05:00Z",15.6
"Sarah","2026-06-08 23:40:32","2026-05-29","2026-05-29T07:10:00Z",21.9
"Sarah","2026-06-08 23:40:32","2026-05-29","2026-05-29T07:15:00Z",17.6
"Sarah","2026-06-08 23:40:32","2026-05-29","2026-05-29T07:20:00Z",16.3
"Sarah","2026-06-08 23:40:32","2026-05-29","2026-05-29T07:25:00Z",16.1
"Sarah","2026-06-08 23:40:32","2026-05-29","2026-05-29T07:30:00Z",17.1
"Sarah","2026-06-08 23:40:32","2026-05-29","2026-05-29T07:35:00Z",17.2
"Sarah","2026-06-08 23:40:32","2026-05-29","2026-05-29T07:40:00Z",17.3
"Sarah","2026-06-08 23:40:32","2026-05-29","2026-05-29T07:45:00Z",19.6
"Sarah","2026-06-08 23:40:32","2026-05-29","2026-05-29T07:50:00Z",19.1
"Sarah","2026-06-08 23:40:32","2026-05-29","2026-05-29T07:55:00Z",21.4
"Sarah","2026-06-08 23:40:32","2026-05-29","2026-05-29T08:00:00Z",20.4
"Sarah","2026-06-08 23:40:32","2026-05-29","2026-05-29T08:05:00Z",21.5
"Sarah","2026-06-08 23:40:32","2026-05-29","2026-05-29T08:10:00Z",17.4
"Sarah","2026-06-08 23:40:32","2026-05-29","2026-05-29T08:15:00Z",17.5
"Sarah","2026-06-08 23:40:32","2026-05-29","2026-05-29T08:20:00Z",17.9
"Sarah","2026-06-08 23:40:32","2026-05-29","2026-05-29T08:25:00Z",16
"Sarah","2026-06-08 23:40:32","2026-05-29","2026-05-29T08:30:00Z",15.1
"Sarah","2026-06-08 23:40:32","2026-05-29","2026-05-29T08:35:00Z",15.4
"Sarah","2026-06-08 23:40:32","2026-05-29","2026-05-29T08:40:00Z",15.8
"Sarah","2026-06-08 23:40:32","2026-05-29","2026-05-29T08:45:00Z",16
"Sarah","2026-06-08 23:40:32","2026-05-29","2026-05-29T08:50:00Z",16.8
"Sarah","2026-06-08 23:40:32","2026-05-29","2026-05-29T08:55:00Z",15.2
"Sarah","2026-06-08 23:40:32","2026-05-29","2026-05-29T09:00:00Z",17.8
"Sarah","2026-06-08 23:40:32","2026-05-29","2026-05-29T09:05:00Z",19.8
"Sarah","2026-06-08 23:40:32","2026-05-29","2026-05-29T09:10:00Z",18.1
"Sarah","2026-06-08 23:40:32","2026-05-29","2026-05-29T09:15:00Z",17.7
"Sarah","2026-06-08 23:40:32","2026-05-29","2026-05-29T09:20:00Z",19.5
"Sarah","2026-06-08 23:40:32","2026-05-29","2026-05-29T09:25:00Z",25
"Sarah","2026-06-08 23:40:32","2026-05-29","2026-05-29T09:30:00Z",19.7
"Sarah","2026-06-08 23:40:32","2026-05-29","2026-05-29T09:35:00Z",17.1
"Sarah","2026-06-08 23:40:32","2026-05-29","2026-05-29T09:40:00Z",17.2
"Sarah","2026-06-08 23:40:32","2026-05-29","2026-05-29T09:45:00Z",15.9
"Sarah","2026-06-08 23:40:32","2026-05-29","2026-05-29T09:50:00Z",20.2
"Sarah","2026-06-08 23:40:32","2026-05-29","2026-05-29T09:55:00Z",19.5
"Sarah","2026-06-08 23:40:32","2026-05-29","2026-05-29T10:00:00Z",27.3
"Sarah","2026-06-08 23:40:32","2026-05-29","2026-05-29T10:05:00Z",19.2
"Sarah","2026-06-08 23:40:32","2026-05-29","2026-05-29T10:10:00Z",16.4
"Sarah","2026-06-08 23:40:32","2026-05-29","2026-05-29T10:15:00Z",20.5
"Sarah","2026-06-08 23:40:32","2026-05-29","2026-05-29T10:20:00Z",25.3
"Sarah","2026-06-08 23:40:32","2026-05-29","2026-05-29T10:25:00Z",24.1
"Sarah","2026-06-08 23:40:32","2026-05-29","2026-05-29T10:30:00Z",22.8
"Sarah","2026-06-08 23:40:32","2026-05-29","2026-05-29T10:35:00Z",19.8
"Sarah","2026-06-08 23:40:32","2026-05-29","2026-05-29T10:40:00Z",18.6
"Sarah","2026-06-08 23:40:32","2026-05-29","2026-05-29T10:45:00Z",18
"Sarah","2026-06-08 23:40:32","2026-05-29","2026-05-29T10:50:00Z",21.4
"Sarah","2026-06-08 23:40:32","2026-05-29","2026-05-29T10:55:00Z",24.6
"Sarah","2026-06-08 23:40:32","2026-05-29","2026-05-29T11:00:00Z",24.3
"Sarah","2026-06-08 23:40:32","2026-05-29","2026-05-29T11:05:00Z",23.4
"Sarah","2026-06-08 23:40:32","2026-05-29","2026-05-29T11:10:00Z",19.6
"Sarah","2026-06-08 23:40:32","2026-05-29","2026-05-29T11:15:00Z",26.7
"Sarah","2026-06-08 23:40:32","2026-05-29","2026-05-29T11:20:00Z",16.7
"Sarah","2026-06-08 23:40:32","2026-05-29","2026-05-29T11:25:00Z",19.9
"Sarah","2026-06-08 23:40:32","2026-05-29","2026-05-29T11:30:00Z",19.8
"Sarah","2026-06-08 23:40:32","2026-05-29","2026-05-29T11:35:00Z",17.7
"Sarah","2026-06-08 23:40:32","2026-05-29","2026-05-29T11:40:00Z",16.1
"Sarah","2026-06-08 23:40:32","2026-05-29","2026-05-29T11:45:00Z",14.6
"Sarah","2026-06-08 23:40:32","2026-05-29","2026-05-29T11:50:00Z",20.1
"Sarah","2026-06-08 23:40:32","2026-05-29","2026-05-29T11:55:00Z",22.4
"Sarah","2026-06-08 23:40:32","2026-05-29","2026-05-29T12:00:00Z",22.8
"Sarah","2026-06-08 17:14:54","2026-05-30","2026-05-30T05:50:00Z",27.5
"Sarah","2026-06-08 17:14:54","2026-05-30","2026-05-30T05:55:00Z",20
"Sarah","2026-06-08 17:14:54","2026-05-30","2026-05-30T06:00:00Z",16.6
"Sarah","2026-06-08 17:14:54","2026-05-30","2026-05-30T06:05:00Z",16.6
"Sarah","2026-06-08 17:14:54","2026-05-30","2026-05-30T06:10:00Z",14.4
"Sarah","2026-06-08 17:14:54","2026-05-30","2026-05-30T06:15:00Z",15.8
"Sarah","2026-06-08 17:14:54","2026-05-30","2026-05-30T06:20:00Z",15
"Sarah","2026-06-08 17:14:54","2026-05-30","2026-05-30T06:25:00Z",16.1
"Sarah","2026-06-08 17:14:54","2026-05-30","2026-05-30T06:30:00Z",14.8
"Sarah","2026-06-08 17:14:54","2026-05-30","2026-05-30T06:35:00Z",18.1
"Sarah","2026-06-08 17:14:54","2026-05-30","2026-05-30T06:40:00Z",13.8
"Sarah","2026-06-08 17:14:54","2026-05-30","2026-05-30T06:45:00Z",12.1
"Sarah","2026-06-08 17:14:54","2026-05-30","2026-05-30T06:50:00Z",10.7
"Sarah","2026-06-08 17:14:54","2026-05-30","2026-05-30T06:55:00Z",10.4
"Sarah","2026-06-08 17:14:54","2026-05-30","2026-05-30T07:00:00Z",13.7
"Sarah","2026-06-08 17:14:54","2026-05-30","2026-05-30T07:05:00Z",18.3
"Sarah","2026-06-08 17:14:54","2026-05-30","2026-05-30T07:10:00Z",20.2
"Sarah","2026-06-08 17:14:54","2026-05-30","2026-05-30T07:15:00Z",17.3
"Sarah","2026-06-08 17:14:54","2026-05-30","2026-05-30T07:20:00Z",15.8
"Sarah","2026-06-08 17:14:54","2026-05-30","2026-05-30T07:25:00Z",17.3
"Sarah","2026-06-08 17:14:54","2026-05-30","2026-05-30T07:30:00Z",16.4
"Sarah","2026-06-08 17:14:54","2026-05-30","2026-05-30T07:35:00Z",17.3
"Sarah","2026-06-08 17:14:54","2026-05-30","2026-05-30T07:40:00Z",16.2
"Sarah","2026-06-08 17:14:54","2026-05-30","2026-05-30T07:45:00Z",17.9
"Sarah","2026-06-08 17:14:54","2026-05-30","2026-05-30T07:50:00Z",19.4
"Sarah","2026-06-08 17:14:54","2026-05-30","2026-05-30T07:55:00Z",27.2
"Sarah","2026-06-08 17:14:54","2026-05-30","2026-05-30T08:00:00Z",22.3
"Sarah","2026-06-08 17:14:54","2026-05-30","2026-05-30T08:05:00Z",19.5
"Sarah","2026-06-08 17:14:54","2026-05-30","2026-05-30T08:10:00Z",22.3
"Sarah","2026-06-08 17:14:54","2026-05-30","2026-05-30T08:15:00Z",23.4
"Sarah","2026-06-08 17:14:54","2026-05-30","2026-05-30T08:20:00Z",21.1
"Sarah","2026-06-08 17:14:54","2026-05-30","2026-05-30T08:25:00Z",19.7
"Sarah","2026-06-08 17:14:54","2026-05-30","2026-05-30T08:30:00Z",23
"Sarah","2026-06-08 17:14:54","2026-05-30","2026-05-30T08:35:00Z",14.9
"Sarah","2026-06-08 17:14:54","2026-05-30","2026-05-30T08:40:00Z",14.4
"Sarah","2026-06-08 17:14:54","2026-05-30","2026-05-30T08:45:00Z",18
"Sarah","2026-06-08 17:14:54","2026-05-30","2026-05-30T08:50:00Z",17.3
"Sarah","2026-06-08 17:14:54","2026-05-30","2026-05-30T08:55:00Z",16.5
"Sarah","2026-06-08 17:14:54","2026-05-30","2026-05-30T09:00:00Z",15.7
"Sarah","2026-06-08 17:14:54","2026-05-30","2026-05-30T09:05:00Z",13.5
"Sarah","2026-06-08 17:14:54","2026-05-30","2026-05-30T09:10:00Z",15.4
"Sarah","2026-06-08 17:14:54","2026-05-30","2026-05-30T09:15:00Z",16.6
"Sarah","2026-06-08 17:14:54","2026-05-30","2026-05-30T09:20:00Z",18
"Sarah","2026-06-08 17:14:54","2026-05-30","2026-05-30T09:25:00Z",17.8
"Sarah","2026-06-08 17:14:54","2026-05-30","2026-05-30T09:30:00Z",14.4
"Sarah","2026-06-08 17:14:54","2026-05-30","2026-05-30T09:35:00Z",25.1
"Sarah","2026-06-08 17:14:54","2026-05-30","2026-05-30T09:40:00Z",23.1
"Sarah","2026-06-08 17:14:54","2026-05-30","2026-05-30T09:45:00Z",18.1
"Sarah","2026-06-08 17:14:54","2026-05-30","2026-05-30T09:50:00Z",25.3
"Sarah","2026-06-08 17:14:54","2026-05-30","2026-05-30T09:55:00Z",22.6
"Sarah","2026-06-08 17:14:54","2026-05-30","2026-05-30T10:00:00Z",24.5
"Sarah","2026-06-08 17:14:54","2026-05-30","2026-05-30T10:05:00Z",25.2
"Sarah","2026-06-08 17:14:54","2026-05-30","2026-05-30T10:10:00Z",27
"Sarah","2026-06-08 17:14:54","2026-05-30","2026-05-30T10:15:00Z",24.2
"Sarah","2026-06-08 17:14:54","2026-05-30","2026-05-30T10:20:00Z",24.5
"Sarah","2026-06-08 17:14:54","2026-05-30","2026-05-30T10:25:00Z",22.4
"Sarah","2026-06-08 17:14:54","2026-05-30","2026-05-30T10:30:00Z",28.6
"Sarah","2026-06-08 17:14:54","2026-05-30","2026-05-30T10:35:00Z",27.7
"Sarah","2026-06-08 17:14:54","2026-05-30","2026-05-30T10:40:00Z",20.6
"Sarah","2026-06-08 17:14:54","2026-05-30","2026-05-30T10:45:00Z",19.9
"Sarah","2026-06-08 17:14:54","2026-05-30","2026-05-30T10:50:00Z",19.6
"Sarah","2026-06-08 17:14:54","2026-05-30","2026-05-30T10:55:00Z",22
"Sarah","2026-06-08 17:14:54","2026-05-30","2026-05-30T11:00:00Z",22.8
"Sarah","2026-06-08 17:14:54","2026-05-30","2026-05-30T11:05:00Z",27.6
"Sarah","2026-06-08 17:14:54","2026-05-30","2026-05-30T11:10:00Z",28.3
"Sarah","2026-06-08 17:14:54","2026-05-30","2026-05-30T11:15:00Z",30.8
"Sarah","2026-06-08 17:14:54","2026-05-30","2026-05-30T11:20:00Z",32
"Sarah","2026-06-08 17:14:54","2026-05-30","2026-05-30T11:25:00Z",27.5
"Sarah","2026-06-08 17:14:54","2026-05-30","2026-05-30T13:55:00Z",30.7
"Sarah","2026-06-08 17:14:54","2026-05-30","2026-05-30T14:00:00Z",28.9
"Sarah","2026-06-08 17:14:54","2026-05-30","2026-05-30T14:05:00Z",22.7
"Sarah","2026-06-08 17:14:54","2026-05-30","2026-05-30T14:10:00Z",23.4
"Sarah","2026-06-08 17:14:54","2026-05-30","2026-05-30T14:15:00Z",27.9
"Sarah","2026-06-08 17:14:54","2026-05-30","2026-05-30T14:20:00Z",23.7
"Sarah","2026-06-08 17:14:54","2026-05-30","2026-05-30T14:25:00Z",25
"Sarah","2026-06-08 17:14:54","2026-05-30","2026-05-30T14:30:00Z",24.9
"Sarah","2026-06-08 17:14:54","2026-05-30","2026-05-30T14:35:00Z",26
"Sarah","2026-06-08 17:14:54","2026-05-30","2026-05-30T14:40:00Z",31.7
"Sarah","2026-06-08 17:14:54","2026-05-30","2026-05-30T14:45:00Z",28.3
"Sarah","2026-06-08 17:14:54","2026-05-30","2026-05-30T14:50:00Z",26.6
"Sarah","2026-06-08 17:14:54","2026-05-30","2026-05-30T14:55:00Z",29.2
"Sarah","2026-06-08 17:14:54","2026-05-30","2026-05-30T15:00:00Z",25
"Sarah","2026-06-08 17:14:54","2026-05-30","2026-05-30T15:05:00Z",28.6
"Sarah","2026-06-08 17:14:54","2026-05-30","2026-05-30T15:10:00Z",28
"Sarah","2026-06-08 17:14:54","2026-05-30","2026-05-30T15:15:00Z",25.1
"Sarah","2026-06-08 17:14:54","2026-05-30","2026-05-30T15:20:00Z",25.1
"Sarah","2026-06-08 17:14:54","2026-05-30","2026-05-30T15:25:00Z",20.8
"Sarah","2026-06-08 17:14:54","2026-05-30","2026-05-30T15:30:00Z",18.8
"Sarah","2026-06-08 17:14:54","2026-05-30","2026-05-30T15:35:00Z",20.8
"Sarah","2026-06-08 17:14:54","2026-05-30","2026-05-30T15:40:00Z",18.5
"Sarah","2026-06-08 17:14:54","2026-05-30","2026-05-30T15:45:00Z",15.4
"Sarah","2026-06-08 17:14:54","2026-05-30","2026-05-30T15:50:00Z",16.9
"Sarah","2026-06-08 17:14:54","2026-05-30","2026-05-30T15:55:00Z",18.6
"Sarah","2026-06-08 17:14:54","2026-05-30","2026-05-30T16:00:00Z",21
"Sarah","2026-06-08 17:14:54","2026-05-30","2026-05-30T16:05:00Z",26.5
"Sarah","2026-06-08 17:14:54","2026-05-30","2026-05-30T16:10:00Z",21.3
"Sarah","2026-06-08 17:14:54","2026-05-30","2026-05-30T16:15:00Z",26.3
"Sarah","2026-06-08 17:14:54","2026-05-30","2026-05-30T16:20:00Z",26.6
"Sarah","2026-06-08 17:14:54","2026-05-30","2026-05-30T16:25:00Z",30.7
"Sarah","2026-06-08 17:14:54","2026-05-30","2026-05-30T16:30:00Z",24.1
"Sarah","2026-06-08 17:14:54","2026-05-30","2026-05-30T16:35:00Z",19.7
"Sarah","2026-06-08 17:14:54","2026-05-30","2026-05-30T16:40:00Z",23.4
"Sarah","2026-06-08 17:14:54","2026-05-30","2026-05-30T16:45:00Z",22.9
"Sarah","2026-06-08 17:14:54","2026-05-30","2026-05-30T16:50:00Z",24
"Sarah","2026-06-08 17:14:54","2026-05-30","2026-05-30T16:55:00Z",22.3
"Sarah","2026-06-08 17:14:54","2026-05-30","2026-05-30T17:00:00Z",26.8
"Sarah","2026-06-08 17:14:54","2026-05-30","2026-05-30T17:05:00Z",24
"Sarah","2026-06-08 17:14:54","2026-05-30","2026-05-30T17:10:00Z",27.2
"Sarah","2026-06-08 17:14:54","2026-05-30","2026-05-30T17:15:00Z",28
"Sarah","2026-06-08 17:14:54","2026-05-30","2026-05-30T17:20:00Z",33.8
"Sarah","2026-06-08 17:14:54","2026-05-30","2026-05-30T17:25:00Z",29.8
"Sarah","2026-06-08 17:14:54","2026-05-30","2026-05-30T17:30:00Z",32.9
"Sarah","2026-06-08 17:14:54","2026-05-30","2026-05-30T17:35:00Z",26.2
"Sarah","2026-06-08 17:14:54","2026-05-30","2026-05-30T17:40:00Z",28.7
"Sarah","2026-06-08 17:14:54","2026-05-30","2026-05-30T17:45:00Z",26.8
"Sarah","2026-06-08 17:14:54","2026-05-30","2026-05-30T17:50:00Z",28.1
"Sarah","2026-06-08 17:14:54","2026-05-30","2026-05-30T17:55:00Z",27.7
"Sarah","2026-06-08 17:14:54","2026-05-30","2026-05-30T18:00:00Z",28
"Sarah","2026-06-08 17:14:54","2026-05-30","2026-05-30T18:05:00Z",28.2
"Sarah","2026-06-08 17:14:54","2026-05-30","2026-05-30T18:10:00Z",26.6
"Sarah","2026-06-08 17:14:54","2026-05-30","2026-05-30T18:15:00Z",25.8
"Sarah","2026-06-08 17:14:54","2026-05-30","2026-05-30T18:20:00Z",22.1
"Sarah","2026-06-08 17:14:54","2026-05-30","2026-05-30T18:25:00Z",22.3
"Sarah","2026-06-08 17:14:54","2026-05-30","2026-05-30T18:30:00Z",24.2
"Sarah","2026-06-08 17:14:54","2026-05-30","2026-05-30T18:35:00Z",23.9
"Sarah","2026-06-08 17:19:19","2026-05-31","2026-05-31T08:25:00Z",37.7
"Sarah","2026-06-08 17:19:19","2026-05-31","2026-05-31T08:30:00Z",24.8
"Sarah","2026-06-08 17:19:19","2026-05-31","2026-05-31T08:35:00Z",22.8
"Sarah","2026-06-08 17:19:19","2026-05-31","2026-05-31T08:40:00Z",19.9
"Sarah","2026-06-08 17:19:19","2026-05-31","2026-05-31T08:45:00Z",23.5
"Sarah","2026-06-08 17:19:19","2026-05-31","2026-05-31T08:50:00Z",16.7
"Sarah","2026-06-08 17:19:19","2026-05-31","2026-05-31T08:55:00Z",21.5
"Sarah","2026-06-08 17:19:19","2026-05-31","2026-05-31T09:00:00Z",22.3
"Sarah","2026-06-08 17:19:19","2026-05-31","2026-05-31T09:05:00Z",18.6
"Sarah","2026-06-08 17:19:19","2026-05-31","2026-05-31T09:10:00Z",18
"Sarah","2026-06-08 17:19:19","2026-05-31","2026-05-31T09:15:00Z",16.1
"Sarah","2026-06-08 17:19:19","2026-05-31","2026-05-31T09:20:00Z",21.8
"Sarah","2026-06-08 17:19:19","2026-05-31","2026-05-31T09:25:00Z",19.3
"Sarah","2026-06-08 17:19:19","2026-05-31","2026-05-31T09:30:00Z",18
"Sarah","2026-06-08 17:19:19","2026-05-31","2026-05-31T09:35:00Z",13.8
"Sarah","2026-06-08 17:19:19","2026-05-31","2026-05-31T09:40:00Z",10.8
"Sarah","2026-06-08 17:19:19","2026-05-31","2026-05-31T09:45:00Z",11.5
"Sarah","2026-06-08 17:19:19","2026-05-31","2026-05-31T09:50:00Z",12
"Sarah","2026-06-08 17:19:19","2026-05-31","2026-05-31T09:55:00Z",13.1
"Sarah","2026-06-08 17:19:19","2026-05-31","2026-05-31T10:00:00Z",11.2
"Sarah","2026-06-08 17:19:19","2026-05-31","2026-05-31T10:05:00Z",14.6
"Sarah","2026-06-08 17:19:19","2026-05-31","2026-05-31T10:10:00Z",12.4
"Sarah","2026-06-08 17:19:19","2026-05-31","2026-05-31T10:15:00Z",12
"Sarah","2026-06-08 17:19:19","2026-05-31","2026-05-31T10:20:00Z",15.9
"Sarah","2026-06-08 17:19:19","2026-05-31","2026-05-31T10:25:00Z",16.3
"Sarah","2026-06-08 17:19:19","2026-05-31","2026-05-31T10:30:00Z",14.9
"Sarah","2026-06-08 17:19:19","2026-05-31","2026-05-31T10:35:00Z",14.4
"Sarah","2026-06-08 17:19:19","2026-05-31","2026-05-31T10:40:00Z",15.6
"Sarah","2026-06-08 17:19:19","2026-05-31","2026-05-31T10:50:00Z",14.2
"Sarah","2026-06-08 17:19:19","2026-05-31","2026-05-31T10:55:00Z",17.8
"Sarah","2026-06-08 17:19:19","2026-05-31","2026-05-31T11:00:00Z",13.9
"Sarah","2026-06-08 17:19:19","2026-05-31","2026-05-31T11:05:00Z",15
"Sarah","2026-06-08 17:19:19","2026-05-31","2026-05-31T11:10:00Z",18.4
"Sarah","2026-06-08 17:19:19","2026-05-31","2026-05-31T11:15:00Z",22.6
"Sarah","2026-06-08 17:19:19","2026-05-31","2026-05-31T11:20:00Z",16
"Sarah","2026-06-08 17:19:19","2026-05-31","2026-05-31T11:25:00Z",22.7
"Sarah","2026-06-08 17:19:19","2026-05-31","2026-05-31T11:30:00Z",20
"Sarah","2026-06-08 17:19:19","2026-05-31","2026-05-31T11:35:00Z",23.2
"Sarah","2026-06-08 17:19:19","2026-05-31","2026-05-31T11:40:00Z",20.3
"Sarah","2026-06-08 17:19:19","2026-05-31","2026-05-31T11:45:00Z",20
"Sarah","2026-06-08 17:19:19","2026-05-31","2026-05-31T11:50:00Z",19.2
"Sarah","2026-06-08 17:19:19","2026-05-31","2026-05-31T11:55:00Z",17.2
"Sarah","2026-06-08 17:19:19","2026-05-31","2026-05-31T12:00:00Z",18.4
"Sarah","2026-06-08 17:19:19","2026-05-31","2026-05-31T12:05:00Z",18.4
"Sarah","2026-06-08 17:19:19","2026-05-31","2026-05-31T12:10:00Z",19.9
"Sarah","2026-06-08 17:19:19","2026-05-31","2026-05-31T12:15:00Z",18.9
"Sarah","2026-06-08 17:19:19","2026-05-31","2026-05-31T12:20:00Z",20.2
"Sarah","2026-06-08 17:19:19","2026-05-31","2026-05-31T12:25:00Z",20.7
"Sarah","2026-06-08 17:19:19","2026-05-31","2026-05-31T12:30:00Z",20.8
"Sarah","2026-06-08 17:19:19","2026-05-31","2026-05-31T12:35:00Z",20.2
"Sarah","2026-06-08 17:19:19","2026-05-31","2026-05-31T12:40:00Z",20.9
"Sarah","2026-06-08 17:19:19","2026-05-31","2026-05-31T12:45:00Z",21.4
"Sarah","2026-06-08 17:19:19","2026-05-31","2026-05-31T12:50:00Z",20.1
"Sarah","2026-06-08 17:19:19","2026-05-31","2026-05-31T12:55:00Z",21.1
"Sarah","2026-06-08 17:19:19","2026-05-31","2026-05-31T13:00:00Z",21.6
"Sarah","2026-06-08 17:19:19","2026-05-31","2026-05-31T13:05:00Z",21.6
"Sarah","2026-06-08 17:19:19","2026-05-31","2026-05-31T13:10:00Z",21
"Sarah","2026-06-08 17:19:19","2026-05-31","2026-05-31T13:15:00Z",21.3
"Sarah","2026-06-08 17:19:19","2026-05-31","2026-05-31T13:20:00Z",16.2
"Sarah","2026-06-08 17:19:19","2026-05-31","2026-05-31T13:25:00Z",17.4
"Sarah","2026-06-08 17:19:19","2026-05-31","2026-05-31T13:30:00Z",22.5
"Sarah","2026-06-08 17:19:19","2026-05-31","2026-05-31T13:35:00Z",23.2
"Sarah","2026-06-08 17:19:19","2026-05-31","2026-05-31T13:40:00Z",20.4
"Sarah","2026-06-08 17:19:19","2026-05-31","2026-05-31T13:45:00Z",24.1
"Sarah","2026-06-08 17:19:19","2026-05-31","2026-05-31T13:50:00Z",24.4
"Sarah","2026-06-08 17:19:19","2026-05-31","2026-05-31T13:55:00Z",22.9
"Sarah","2026-06-08 17:19:19","2026-05-31","2026-05-31T14:00:00Z",22
"Sarah","2026-06-08 17:19:19","2026-05-31","2026-05-31T14:05:00Z",24.3
"Sarah","2026-06-08 17:19:19","2026-05-31","2026-05-31T14:10:00Z",22.6
"Sarah","2026-06-08 17:19:19","2026-05-31","2026-05-31T14:15:00Z",20.9
"Sarah","2026-06-08 17:19:19","2026-05-31","2026-05-31T14:20:00Z",20.2
"Sarah","2026-06-08 17:19:19","2026-05-31","2026-05-31T14:25:00Z",21.8
"Sarah","2026-06-08 17:19:19","2026-05-31","2026-05-31T14:30:00Z",23.8
"Sarah","2026-06-08 17:19:19","2026-05-31","2026-05-31T14:35:00Z",23.5
"Sarah","2026-06-08 17:19:19","2026-05-31","2026-05-31T14:40:00Z",19.8
"Sarah","2026-06-08 17:22:44","2026-06-01","2026-06-01T05:35:00Z",12.4
"Sarah","2026-06-08 17:22:44","2026-06-01","2026-06-01T05:40:00Z",15.5
"Sarah","2026-06-08 17:22:44","2026-06-01","2026-06-01T05:45:00Z",15.3
"Sarah","2026-06-08 17:22:44","2026-06-01","2026-06-01T05:50:00Z",12.9
"Sarah","2026-06-08 17:22:44","2026-06-01","2026-06-01T05:55:00Z",12.7
"Sarah","2026-06-08 17:22:44","2026-06-01","2026-06-01T06:00:00Z",13.4
"Sarah","2026-06-08 17:22:44","2026-06-01","2026-06-01T06:05:00Z",10.9
"Sarah","2026-06-08 17:22:44","2026-06-01","2026-06-01T06:10:00Z",11
"Sarah","2026-06-08 17:22:44","2026-06-01","2026-06-01T06:15:00Z",11.8
"Sarah","2026-06-08 17:22:44","2026-06-01","2026-06-01T06:20:00Z",17.8
"Sarah","2026-06-08 17:22:44","2026-06-01","2026-06-01T06:25:00Z",14.1
"Sarah","2026-06-08 17:22:44","2026-06-01","2026-06-01T06:30:00Z",17.9
"Sarah","2026-06-08 17:22:44","2026-06-01","2026-06-01T06:35:00Z",14.3
"Sarah","2026-06-08 17:22:44","2026-06-01","2026-06-01T06:40:00Z",9.5
"Sarah","2026-06-08 17:22:44","2026-06-01","2026-06-01T06:45:00Z",7.9
"Sarah","2026-06-08 17:22:44","2026-06-01","2026-06-01T06:50:00Z",8.9
"Sarah","2026-06-08 17:22:44","2026-06-01","2026-06-01T06:55:00Z",9.1
"Sarah","2026-06-08 17:22:44","2026-06-01","2026-06-01T07:00:00Z",9.3
"Sarah","2026-06-08 17:22:44","2026-06-01","2026-06-01T07:05:00Z",18.5
"Sarah","2026-06-08 17:22:44","2026-06-01","2026-06-01T07:10:00Z",21.7
"Sarah","2026-06-08 17:22:44","2026-06-01","2026-06-01T07:15:00Z",21.9
"Sarah","2026-06-08 17:22:44","2026-06-01","2026-06-01T07:20:00Z",17.7
"Sarah","2026-06-08 17:22:44","2026-06-01","2026-06-01T07:25:00Z",17.9
"Sarah","2026-06-08 17:22:44","2026-06-01","2026-06-01T07:30:00Z",18.7
"Sarah","2026-06-08 17:22:44","2026-06-01","2026-06-01T07:35:00Z",18.4
"Sarah","2026-06-08 17:22:44","2026-06-01","2026-06-01T07:40:00Z",11.9
"Sarah","2026-06-08 17:22:44","2026-06-01","2026-06-01T07:45:00Z",14.4
"Sarah","2026-06-08 17:22:44","2026-06-01","2026-06-01T07:50:00Z",17
"Sarah","2026-06-08 17:22:44","2026-06-01","2026-06-01T07:55:00Z",19.8
"Sarah","2026-06-08 17:22:44","2026-06-01","2026-06-01T08:00:00Z",18.9
"Sarah","2026-06-08 17:22:44","2026-06-01","2026-06-01T08:05:00Z",20.6
"Sarah","2026-06-08 17:22:44","2026-06-01","2026-06-01T08:10:00Z",20.9
"Sarah","2026-06-08 17:22:44","2026-06-01","2026-06-01T08:15:00Z",18.6
"Sarah","2026-06-08 17:22:44","2026-06-01","2026-06-01T08:20:00Z",16.7
"Sarah","2026-06-08 17:22:44","2026-06-01","2026-06-01T08:25:00Z",18.9
"Sarah","2026-06-08 17:22:44","2026-06-01","2026-06-01T08:30:00Z",19.9
"Sarah","2026-06-08 17:22:44","2026-06-01","2026-06-01T08:35:00Z",19.9
"Sarah","2026-06-08 17:22:44","2026-06-01","2026-06-01T08:40:00Z",21.9
"Sarah","2026-06-08 17:22:44","2026-06-01","2026-06-01T08:45:00Z",14.2
"Sarah","2026-06-08 17:22:44","2026-06-01","2026-06-01T08:50:00Z",12.3
"Sarah","2026-06-08 17:22:44","2026-06-01","2026-06-01T08:55:00Z",14.8
"Sarah","2026-06-08 17:22:44","2026-06-01","2026-06-01T09:00:00Z",14.4
"Sarah","2026-06-08 17:22:44","2026-06-01","2026-06-01T09:05:00Z",14.4
"Sarah","2026-06-08 17:22:44","2026-06-01","2026-06-01T09:10:00Z",15.2
"Sarah","2026-06-08 17:22:44","2026-06-01","2026-06-01T09:15:00Z",13.9
"Sarah","2026-06-08 17:22:44","2026-06-01","2026-06-01T09:20:00Z",10.5
"Sarah","2026-06-08 17:22:44","2026-06-01","2026-06-01T09:25:00Z",17
"Sarah","2026-06-08 17:22:44","2026-06-01","2026-06-01T09:30:00Z",16.5
"Sarah","2026-06-08 17:22:44","2026-06-01","2026-06-01T09:35:00Z",17.8
"Sarah","2026-06-08 17:22:44","2026-06-01","2026-06-01T09:40:00Z",17.8
"Sarah","2026-06-08 17:26:46","2026-06-02","2026-06-02T05:50:00Z",22.3
"Sarah","2026-06-08 17:26:46","2026-06-02","2026-06-02T05:55:00Z",24.9
"Sarah","2026-06-08 17:26:46","2026-06-02","2026-06-02T06:00:00Z",20.4
"Sarah","2026-06-08 17:26:46","2026-06-02","2026-06-02T06:05:00Z",20
"Sarah","2026-06-08 17:26:46","2026-06-02","2026-06-02T06:10:00Z",16.1
"Sarah","2026-06-08 17:26:46","2026-06-02","2026-06-02T06:15:00Z",14.9
"Sarah","2026-06-08 17:26:46","2026-06-02","2026-06-02T06:20:00Z",14.1
"Sarah","2026-06-08 17:26:46","2026-06-02","2026-06-02T06:25:00Z",14.4
"Sarah","2026-06-08 17:26:46","2026-06-02","2026-06-02T06:30:00Z",14.4
"Sarah","2026-06-08 17:26:46","2026-06-02","2026-06-02T06:35:00Z",14.4
"Sarah","2026-06-08 17:26:46","2026-06-02","2026-06-02T06:40:00Z",17.1
"Sarah","2026-06-08 17:26:46","2026-06-02","2026-06-02T06:45:00Z",19.3
"Sarah","2026-06-08 17:26:46","2026-06-02","2026-06-02T06:50:00Z",18.5
"Sarah","2026-06-08 17:26:46","2026-06-02","2026-06-02T06:55:00Z",17.5
"Sarah","2026-06-08 17:26:46","2026-06-02","2026-06-02T07:00:00Z",10.1
"Sarah","2026-06-08 17:26:46","2026-06-02","2026-06-02T07:05:00Z",11.2
"Sarah","2026-06-08 17:26:46","2026-06-02","2026-06-02T07:10:00Z",12.7
"Sarah","2026-06-08 17:26:46","2026-06-02","2026-06-02T07:15:00Z",13.9
"Sarah","2026-06-08 17:26:46","2026-06-02","2026-06-02T07:20:00Z",20.5
"Sarah","2026-06-08 17:26:46","2026-06-02","2026-06-02T07:25:00Z",18.9
"Sarah","2026-06-08 17:26:46","2026-06-02","2026-06-02T07:30:00Z",17.7
"Sarah","2026-06-08 17:26:46","2026-06-02","2026-06-02T07:35:00Z",13.1
"Sarah","2026-06-08 17:26:46","2026-06-02","2026-06-02T07:40:00Z",15.1
"Sarah","2026-06-08 17:26:46","2026-06-02","2026-06-02T07:45:00Z",16.8
"Sarah","2026-06-08 17:26:46","2026-06-02","2026-06-02T07:50:00Z",20
"Sarah","2026-06-08 17:26:46","2026-06-02","2026-06-02T07:55:00Z",15.1
"Sarah","2026-06-08 17:26:46","2026-06-02","2026-06-02T08:00:00Z",17
"Sarah","2026-06-08 17:26:46","2026-06-02","2026-06-02T08:05:00Z",20.7
"Sarah","2026-06-08 17:26:46","2026-06-02","2026-06-02T08:10:00Z",26.8
"Sarah","2026-06-08 17:26:46","2026-06-02","2026-06-02T08:15:00Z",19.7
"Sarah","2026-06-08 17:26:46","2026-06-02","2026-06-02T08:20:00Z",10.2
"Sarah","2026-06-08 17:26:46","2026-06-02","2026-06-02T08:25:00Z",13.9
"Sarah","2026-06-08 17:26:46","2026-06-02","2026-06-02T08:30:00Z",14.5
"Sarah","2026-06-08 17:26:46","2026-06-02","2026-06-02T08:35:00Z",11.6
"Sarah","2026-06-08 17:26:46","2026-06-02","2026-06-02T08:40:00Z",11
"Sarah","2026-06-08 17:26:46","2026-06-02","2026-06-02T08:45:00Z",13.7
"Sarah","2026-06-08 17:26:46","2026-06-02","2026-06-02T08:50:00Z",14.3
"Sarah","2026-06-08 17:26:46","2026-06-02","2026-06-02T08:55:00Z",12.2
"Sarah","2026-06-08 17:26:46","2026-06-02","2026-06-02T09:00:00Z",13.9
"Sarah","2026-06-08 17:26:46","2026-06-02","2026-06-02T09:05:00Z",18.4
"Sarah","2026-06-08 17:26:46","2026-06-02","2026-06-02T09:10:00Z",12.2
"Sarah","2026-06-08 17:26:46","2026-06-02","2026-06-02T09:15:00Z",12.5
"Sarah","2026-06-08 17:26:46","2026-06-02","2026-06-02T09:20:00Z",12.8
"Sarah","2026-06-08 17:26:46","2026-06-02","2026-06-02T09:25:00Z",17.8
"Sarah","2026-06-08 17:26:46","2026-06-02","2026-06-02T09:30:00Z",17.8
"Sarah","2026-06-08 17:26:46","2026-06-02","2026-06-02T09:35:00Z",21.9
"Sarah","2026-06-08 17:26:46","2026-06-02","2026-06-02T09:40:00Z",19.9
"Sarah","2026-06-08 17:26:46","2026-06-02","2026-06-02T09:45:00Z",21.7
"Sarah","2026-06-08 17:26:46","2026-06-02","2026-06-02T09:50:00Z",24.5
"Sarah","2026-06-08 17:26:46","2026-06-02","2026-06-02T10:00:00Z",21.9
"Sarah","2026-06-08 17:26:46","2026-06-02","2026-06-02T10:05:00Z",15.5
"Sarah","2026-06-08 17:26:46","2026-06-02","2026-06-02T10:10:00Z",15.7
"Sarah","2026-06-08 17:26:46","2026-06-02","2026-06-02T10:15:00Z",15.4
"Sarah","2026-06-08 17:26:46","2026-06-02","2026-06-02T10:20:00Z",20.8
"Sarah","2026-06-08 17:26:46","2026-06-02","2026-06-02T10:25:00Z",20.2
"Sarah","2026-06-08 17:26:46","2026-06-02","2026-06-02T10:30:00Z",25.6
"Sarah","2026-06-08 17:26:46","2026-06-02","2026-06-02T10:35:00Z",14.4
"Sarah","2026-06-08 17:26:46","2026-06-02","2026-06-02T10:40:00Z",10.3
"Sarah","2026-06-08 17:26:46","2026-06-02","2026-06-02T10:45:00Z",10
"Sarah","2026-06-08 17:26:46","2026-06-02","2026-06-02T10:50:00Z",11.7
"Sarah","2026-06-08 17:26:46","2026-06-02","2026-06-02T10:55:00Z",14.6
"Sarah","2026-06-08 17:26:46","2026-06-02","2026-06-02T11:00:00Z",16.7
"Sarah","2026-06-08 17:26:46","2026-06-02","2026-06-02T11:05:00Z",10.9
"Sarah","2026-06-08 17:26:46","2026-06-02","2026-06-02T11:10:00Z",10.9
"Sarah","2026-06-08 17:26:46","2026-06-02","2026-06-02T11:15:00Z",10.9
"Sarah","2026-06-08 17:26:46","2026-06-02","2026-06-02T11:20:00Z",10.3
"Sarah","2026-06-08 17:26:46","2026-06-02","2026-06-02T11:25:00Z",14.3
"Sarah","2026-06-08 17:26:46","2026-06-02","2026-06-02T11:30:00Z",12.1
"Sarah","2026-06-08 17:26:46","2026-06-02","2026-06-02T11:35:00Z",15.7
"Sarah","2026-06-08 17:26:46","2026-06-02","2026-06-02T11:40:00Z",17.6
"Sarah","2026-06-08 17:26:46","2026-06-02","2026-06-02T11:45:00Z",17.2
"Sarah","2026-06-08 17:26:46","2026-06-02","2026-06-02T11:50:00Z",18.7
"Sarah","2026-06-08 17:26:46","2026-06-02","2026-06-02T11:55:00Z",20.8
"Sarah","2026-06-08 17:26:46","2026-06-02","2026-06-02T12:00:00Z",23.6
"Sarah","2026-06-08 17:26:46","2026-06-02","2026-06-02T12:05:00Z",36.7
"Sarah","2026-06-08 17:26:46","2026-06-02","2026-06-02T12:10:00Z",31.7
"Sarah","2026-06-08 17:26:46","2026-06-02","2026-06-02T12:15:00Z",30.7
"Sarah","2026-06-08 17:26:46","2026-06-02","2026-06-02T12:20:00Z",23.4
"Sarah","2026-06-08 17:26:46","2026-06-02","2026-06-02T12:25:00Z",19.1
"Sarah","2026-06-08 17:26:46","2026-06-02","2026-06-02T12:30:00Z",21.8
"Sarah","2026-06-08 17:26:46","2026-06-02","2026-06-02T12:35:00Z",18.5
"Sarah","2026-06-08 17:26:46","2026-06-02","2026-06-02T12:40:00Z",14.7
"Sarah","2026-06-08 17:26:46","2026-06-02","2026-06-02T12:45:00Z",15.3
"Sarah","2026-06-08 17:26:46","2026-06-02","2026-06-02T12:50:00Z",13.7
"Sarah","2026-06-08 17:26:46","2026-06-02","2026-06-02T12:55:00Z",12.2
"Sarah","2026-06-08 17:26:46","2026-06-02","2026-06-02T13:00:00Z",13.2
"Sarah","2026-06-08 17:29:20","2026-06-03","2026-06-03T04:55:00Z",14.2
"Sarah","2026-06-08 17:29:20","2026-06-03","2026-06-03T05:00:00Z",14.4
"Sarah","2026-06-08 17:29:20","2026-06-03","2026-06-03T05:05:00Z",19.5
"Sarah","2026-06-08 17:29:20","2026-06-03","2026-06-03T05:10:00Z",10.9
"Sarah","2026-06-08 17:29:20","2026-06-03","2026-06-03T05:15:00Z",17.4
"Sarah","2026-06-08 17:29:20","2026-06-03","2026-06-03T05:20:00Z",17.6
"Sarah","2026-06-08 17:29:20","2026-06-03","2026-06-03T05:25:00Z",17.6
"Sarah","2026-06-08 17:29:20","2026-06-03","2026-06-03T05:30:00Z",12.2
"Sarah","2026-06-08 17:29:20","2026-06-03","2026-06-03T05:35:00Z",10.2
"Sarah","2026-06-08 17:29:20","2026-06-03","2026-06-03T05:40:00Z",10.1
"Sarah","2026-06-08 17:29:20","2026-06-03","2026-06-03T05:45:00Z",10.5
"Sarah","2026-06-08 17:29:20","2026-06-03","2026-06-03T05:50:00Z",19
"Sarah","2026-06-08 17:29:20","2026-06-03","2026-06-03T05:55:00Z",19
"Sarah","2026-06-08 17:29:20","2026-06-03","2026-06-03T06:00:00Z",16
"Sarah","2026-06-08 17:29:20","2026-06-03","2026-06-03T06:05:00Z",10.5
"Sarah","2026-06-08 17:29:20","2026-06-03","2026-06-03T06:10:00Z",8.9
"Sarah","2026-06-08 17:29:20","2026-06-03","2026-06-03T06:15:00Z",10.1
"Sarah","2026-06-08 17:29:20","2026-06-03","2026-06-03T06:20:00Z",9.1
"Sarah","2026-06-08 17:29:20","2026-06-03","2026-06-03T06:25:00Z",12.6
"Sarah","2026-06-08 17:29:20","2026-06-03","2026-06-03T06:30:00Z",14.4
"Sarah","2026-06-08 17:29:20","2026-06-03","2026-06-03T06:35:00Z",14
"Sarah","2026-06-08 17:29:20","2026-06-03","2026-06-03T06:40:00Z",12.2
"Sarah","2026-06-08 17:29:20","2026-06-03","2026-06-03T06:45:00Z",11.5
"Sarah","2026-06-08 17:29:20","2026-06-03","2026-06-03T06:50:00Z",12.6
"Sarah","2026-06-08 17:29:20","2026-06-03","2026-06-03T06:55:00Z",12.7
"Sarah","2026-06-08 17:29:20","2026-06-03","2026-06-03T07:00:00Z",14.4
"Sarah","2026-06-08 17:29:20","2026-06-03","2026-06-03T07:05:00Z",14.2
"Sarah","2026-06-08 17:29:20","2026-06-03","2026-06-03T07:10:00Z",13.3
"Sarah","2026-06-08 17:29:20","2026-06-03","2026-06-03T07:15:00Z",12.2
"Sarah","2026-06-08 17:29:20","2026-06-03","2026-06-03T07:20:00Z",12.1
"Sarah","2026-06-08 17:29:20","2026-06-03","2026-06-03T07:25:00Z",13.5
"Sarah","2026-06-08 17:29:20","2026-06-03","2026-06-03T07:30:00Z",9.5
"Sarah","2026-06-08 17:29:20","2026-06-03","2026-06-03T07:35:00Z",8.4
"Sarah","2026-06-08 17:29:20","2026-06-03","2026-06-03T07:40:00Z",12.3
"Sarah","2026-06-08 17:29:20","2026-06-03","2026-06-03T07:45:00Z",11.3
"Sarah","2026-06-08 17:29:20","2026-06-03","2026-06-03T07:50:00Z",8.7
"Sarah","2026-06-08 17:29:20","2026-06-03","2026-06-03T07:55:00Z",11.1
"Sarah","2026-06-08 17:29:20","2026-06-03","2026-06-03T08:00:00Z",9.2
"Sarah","2026-06-08 17:29:20","2026-06-03","2026-06-03T08:05:00Z",8.8
"Sarah","2026-06-08 17:29:20","2026-06-03","2026-06-03T08:10:00Z",8.5
"Sarah","2026-06-08 17:29:20","2026-06-03","2026-06-03T08:15:00Z",14
"Sarah","2026-06-08 17:29:20","2026-06-03","2026-06-03T08:20:00Z",10.7
"Sarah","2026-06-08 17:29:20","2026-06-03","2026-06-03T08:25:00Z",10.3
"Sarah","2026-06-08 17:29:20","2026-06-03","2026-06-03T08:30:00Z",13.7
"Sarah","2026-06-08 17:29:20","2026-06-03","2026-06-03T08:35:00Z",12.8
"Sarah","2026-06-08 17:29:20","2026-06-03","2026-06-03T08:40:00Z",11.6
"Sarah","2026-06-08 17:29:20","2026-06-03","2026-06-03T08:45:00Z",12.1
"Sarah","2026-06-08 17:29:20","2026-06-03","2026-06-03T08:50:00Z",11.6
"Sarah","2026-06-08 17:29:20","2026-06-03","2026-06-03T08:55:00Z",15
"Sarah","2026-06-08 17:29:20","2026-06-03","2026-06-03T09:00:00Z",13.7
"Sarah","2026-06-08 17:29:20","2026-06-03","2026-06-03T09:05:00Z",11.9
"Sarah","2026-06-08 17:29:20","2026-06-03","2026-06-03T09:10:00Z",13.3
"Sarah","2026-06-08 17:29:20","2026-06-03","2026-06-03T09:15:00Z",11.7
"Sarah","2026-06-08 17:29:20","2026-06-03","2026-06-03T09:20:00Z",13.8
"Sarah","2026-06-08 17:29:20","2026-06-03","2026-06-03T09:25:00Z",11.8
"Sarah","2026-06-08 17:33:23","2026-06-04","2026-06-04T06:50:00Z",18.5
"Sarah","2026-06-08 17:33:23","2026-06-04","2026-06-04T06:55:00Z",13.7
"Sarah","2026-06-08 17:33:23","2026-06-04","2026-06-04T07:00:00Z",17.3
"Sarah","2026-06-08 17:33:23","2026-06-04","2026-06-04T07:05:00Z",19.2
"Sarah","2026-06-08 17:33:23","2026-06-04","2026-06-04T07:10:00Z",14.7
"Sarah","2026-06-08 17:33:23","2026-06-04","2026-06-04T07:15:00Z",14.4
"Sarah","2026-06-08 17:33:23","2026-06-04","2026-06-04T07:20:00Z",12
"Sarah","2026-06-08 17:33:23","2026-06-04","2026-06-04T07:25:00Z",17.8
"Sarah","2026-06-08 17:33:23","2026-06-04","2026-06-04T07:30:00Z",19.5
"Sarah","2026-06-08 17:33:23","2026-06-04","2026-06-04T07:35:00Z",18.3
"Sarah","2026-06-08 17:33:23","2026-06-04","2026-06-04T07:40:00Z",9.1
"Sarah","2026-06-08 17:33:23","2026-06-04","2026-06-04T07:45:00Z",8.9
"Sarah","2026-06-08 17:33:23","2026-06-04","2026-06-04T07:50:00Z",12.4
"Sarah","2026-06-08 17:33:23","2026-06-04","2026-06-04T07:55:00Z",11.3
"Sarah","2026-06-08 17:33:23","2026-06-04","2026-06-04T08:00:00Z",12.7
"Sarah","2026-06-08 17:33:23","2026-06-04","2026-06-04T08:05:00Z",18.1
"Sarah","2026-06-08 17:33:23","2026-06-04","2026-06-04T08:10:00Z",16.9
"Sarah","2026-06-08 17:33:23","2026-06-04","2026-06-04T08:15:00Z",17.5
"Sarah","2026-06-08 17:33:23","2026-06-04","2026-06-04T08:20:00Z",16
"Sarah","2026-06-08 17:33:23","2026-06-04","2026-06-04T08:25:00Z",14.2
"Sarah","2026-06-08 17:33:23","2026-06-04","2026-06-04T08:30:00Z",13.2
"Sarah","2026-06-08 17:33:23","2026-06-04","2026-06-04T08:35:00Z",10.6
"Sarah","2026-06-08 17:33:23","2026-06-04","2026-06-04T08:40:00Z",10.3
"Sarah","2026-06-08 17:33:23","2026-06-04","2026-06-04T08:45:00Z",9.7
"Sarah","2026-06-08 17:33:23","2026-06-04","2026-06-04T08:50:00Z",10.9
"Sarah","2026-06-08 17:33:23","2026-06-04","2026-06-04T08:55:00Z",11.7
"Sarah","2026-06-08 17:33:23","2026-06-04","2026-06-04T09:00:00Z",10.4
"Sarah","2026-06-08 17:33:23","2026-06-04","2026-06-04T09:05:00Z",13
"Sarah","2026-06-08 17:33:23","2026-06-04","2026-06-04T09:10:00Z",11.3
"Sarah","2026-06-08 17:33:23","2026-06-04","2026-06-04T09:15:00Z",13.8
"Sarah","2026-06-08 17:33:23","2026-06-04","2026-06-04T09:20:00Z",13.5
"Sarah","2026-06-08 17:33:23","2026-06-04","2026-06-04T09:25:00Z",12.5
"Sarah","2026-06-08 17:33:23","2026-06-04","2026-06-04T09:30:00Z",13.6
"Sarah","2026-06-08 17:33:23","2026-06-04","2026-06-04T09:35:00Z",15.3
"Sarah","2026-06-08 17:33:23","2026-06-04","2026-06-04T09:40:00Z",20.6
"Sarah","2026-06-08 17:33:23","2026-06-04","2026-06-04T09:45:00Z",26.9
"Sarah","2026-06-08 17:33:23","2026-06-04","2026-06-04T09:50:00Z",21.9
"Sarah","2026-06-08 17:33:23","2026-06-04","2026-06-04T09:55:00Z",18.6
"Sarah","2026-06-08 17:33:23","2026-06-04","2026-06-04T10:00:00Z",26.6
"Sarah","2026-06-08 17:33:23","2026-06-04","2026-06-04T10:05:00Z",25.3
"Sarah","2026-06-08 17:33:23","2026-06-04","2026-06-04T10:10:00Z",20.8
"Sarah","2026-06-08 17:33:23","2026-06-04","2026-06-04T10:15:00Z",26
"Sarah","2026-06-08 17:33:23","2026-06-04","2026-06-04T10:20:00Z",24.4
"Sarah","2026-06-08 17:33:23","2026-06-04","2026-06-04T10:25:00Z",13.4
"Sarah","2026-06-08 17:33:23","2026-06-04","2026-06-04T10:30:00Z",14.2
"Sarah","2026-06-08 17:33:23","2026-06-04","2026-06-04T10:35:00Z",19.4
"Sarah","2026-06-08 17:33:23","2026-06-04","2026-06-04T10:40:00Z",13
"Sarah","2026-06-08 17:33:23","2026-06-04","2026-06-04T10:45:00Z",14.7
"Sarah","2026-06-08 17:33:23","2026-06-04","2026-06-04T10:50:00Z",19.3
"Sarah","2026-06-08 17:33:23","2026-06-04","2026-06-04T10:55:00Z",19.9
"Sarah","2026-06-08 17:33:23","2026-06-04","2026-06-04T11:00:00Z",28.5
"Sarah","2026-06-08 17:33:23","2026-06-04","2026-06-04T11:05:00Z",26.8
"Sarah","2026-06-08 17:33:23","2026-06-04","2026-06-04T11:10:00Z",24.8
"Sarah","2026-06-08 17:33:23","2026-06-04","2026-06-04T11:15:00Z",26.6
"Sarah","2026-06-08 17:33:23","2026-06-04","2026-06-04T11:20:00Z",25.9
"Sarah","2026-06-08 17:33:23","2026-06-04","2026-06-04T11:25:00Z",23.7
"Sarah","2026-06-08 17:33:23","2026-06-04","2026-06-04T11:30:00Z",27.5
"Sarah","2026-06-08 17:33:23","2026-06-04","2026-06-04T11:35:00Z",26.6
"Sarah","2026-06-08 17:33:23","2026-06-04","2026-06-04T11:40:00Z",27.4
"Sarah","2026-06-08 17:33:23","2026-06-04","2026-06-04T11:45:00Z",19.2
"Sarah","2026-06-08 17:33:23","2026-06-04","2026-06-04T11:50:00Z",20.3
"Sarah","2026-06-08 17:33:23","2026-06-04","2026-06-04T11:55:00Z",19.6
"Sarah","2026-06-08 17:33:23","2026-06-04","2026-06-04T12:00:00Z",19.5
"Sarah","2026-06-08 17:33:23","2026-06-04","2026-06-04T12:05:00Z",20.8
"Sarah","2026-06-08 17:33:23","2026-06-04","2026-06-04T12:10:00Z",14.3
"Sarah","2026-06-08 17:33:23","2026-06-04","2026-06-04T12:15:00Z",11.8
"Sarah","2026-06-08 17:33:23","2026-06-04","2026-06-04T12:20:00Z",12.5
"Sarah","2026-06-08 17:33:23","2026-06-04","2026-06-04T12:25:00Z",11.2
"Sarah","2026-06-08 17:33:23","2026-06-04","2026-06-04T12:30:00Z",14.3
"Sarah","2026-06-08 17:33:23","2026-06-04","2026-06-04T12:35:00Z",15.6
"Sarah","2026-06-08 17:33:23","2026-06-04","2026-06-04T12:40:00Z",14
"Sarah","2026-06-08 17:33:23","2026-06-04","2026-06-04T12:45:00Z",14.4
"Sarah","2026-06-08 17:33:23","2026-06-04","2026-06-04T12:50:00Z",16
"Sarah","2026-06-08 17:33:23","2026-06-04","2026-06-04T12:55:00Z",18.5
"Sarah","2026-06-08 17:33:23","2026-06-04","2026-06-04T13:00:00Z",17.1
"Sarah","2026-06-08 17:33:23","2026-06-04","2026-06-04T13:05:00Z",16.7
"Sarah","2026-06-08 17:33:23","2026-06-04","2026-06-04T13:10:00Z",14.7
"Sarah","2026-06-08 17:33:23","2026-06-04","2026-06-04T13:15:00Z",15.3
"Sarah","2026-06-08 17:33:23","2026-06-04","2026-06-04T13:20:00Z",17.6
"Sarah","2026-06-08 17:33:23","2026-06-04","2026-06-04T13:25:00Z",21.5
"Sarah","2026-06-08 17:33:23","2026-06-04","2026-06-04T13:30:00Z",24.9
"Sarah","2026-06-08 17:33:23","2026-06-04","2026-06-04T13:35:00Z",17.6
"Sarah","2026-06-08 17:33:23","2026-06-04","2026-06-04T13:40:00Z",13.9
"Sarah","2026-06-08 17:33:23","2026-06-04","2026-06-04T13:45:00Z",15.1
"Sarah","2026-06-08 17:33:23","2026-06-04","2026-06-04T13:50:00Z",16.9
"Sarah","2026-06-08 17:33:23","2026-06-04","2026-06-04T13:55:00Z",18.2
"Sarah","2026-06-08 17:33:23","2026-06-04","2026-06-04T14:00:00Z",21.2
"Sarah","2026-06-08 17:33:23","2026-06-04","2026-06-04T14:05:00Z",22.6
"Sarah","2026-06-08 17:33:23","2026-06-04","2026-06-04T14:10:00Z",20.2
"Sarah","2026-06-08 17:33:23","2026-06-04","2026-06-04T14:15:00Z",23.5
"Sarah","2026-06-08 17:33:23","2026-06-04","2026-06-04T14:20:00Z",24
"Sarah","2026-06-08 17:33:23","2026-06-04","2026-06-04T14:25:00Z",24.6
"Sarah","2026-06-08 17:33:23","2026-06-04","2026-06-04T14:30:00Z",24.1
"Sarah","2026-06-08 17:33:23","2026-06-04","2026-06-04T14:35:00Z",15.1
"Sarah","2026-06-08 17:33:23","2026-06-04","2026-06-04T14:40:00Z",15.6
"Sarah","2026-06-08 17:33:23","2026-06-04","2026-06-04T14:45:00Z",14.6
"Sarah","2026-06-08 17:33:23","2026-06-04","2026-06-04T14:50:00Z",14.5
"Sarah","2026-06-08 17:33:23","2026-06-04","2026-06-04T14:55:00Z",15
"Sarah","2026-06-08 17:33:23","2026-06-04","2026-06-04T15:00:00Z",13.5
"Sarah","2026-06-08 17:33:23","2026-06-04","2026-06-04T15:05:00Z",11.9
"Sarah","2026-06-08 17:33:23","2026-06-04","2026-06-04T15:10:00Z",12.6
"Sarah","2026-06-08 17:33:23","2026-06-04","2026-06-04T15:15:00Z",19
"Sarah","2026-06-08 17:33:23","2026-06-04","2026-06-04T15:20:00Z",16.4
"Sarah","2026-06-08 17:33:23","2026-06-04","2026-06-04T15:25:00Z",16.6
"Sarah","2026-06-08 17:33:23","2026-06-04","2026-06-04T15:30:00Z",13.8
"Sarah","2026-06-08 17:36:34","2026-06-05","2026-06-05T06:05:00Z",13
"Sarah","2026-06-08 17:36:34","2026-06-05","2026-06-05T06:10:00Z",16.9
"Sarah","2026-06-08 17:36:34","2026-06-05","2026-06-05T06:15:00Z",12.3
"Sarah","2026-06-08 17:36:34","2026-06-05","2026-06-05T06:20:00Z",16.2
"Sarah","2026-06-08 17:36:34","2026-06-05","2026-06-05T06:25:00Z",16.4
"Sarah","2026-06-08 17:36:34","2026-06-05","2026-06-05T06:30:00Z",13.1
"Sarah","2026-06-08 17:36:34","2026-06-05","2026-06-05T06:35:00Z",11.6
"Sarah","2026-06-08 17:36:34","2026-06-05","2026-06-05T06:40:00Z",12.2
"Sarah","2026-06-08 17:36:34","2026-06-05","2026-06-05T06:45:00Z",10.9
"Sarah","2026-06-08 17:36:34","2026-06-05","2026-06-05T06:50:00Z",12.7
"Sarah","2026-06-08 17:36:34","2026-06-05","2026-06-05T06:55:00Z",11.2
"Sarah","2026-06-08 17:36:34","2026-06-05","2026-06-05T07:00:00Z",11
"Sarah","2026-06-08 17:36:34","2026-06-05","2026-06-05T07:05:00Z",15
"Sarah","2026-06-08 17:36:34","2026-06-05","2026-06-05T07:10:00Z",8.8
"Sarah","2026-06-08 17:36:34","2026-06-05","2026-06-05T07:15:00Z",8.9
"Sarah","2026-06-08 17:36:34","2026-06-05","2026-06-05T07:20:00Z",9.5
"Sarah","2026-06-08 17:36:34","2026-06-05","2026-06-05T07:25:00Z",9.5
"Sarah","2026-06-08 17:36:34","2026-06-05","2026-06-05T07:30:00Z",11.9
"Sarah","2026-06-08 17:36:34","2026-06-05","2026-06-05T07:35:00Z",13.6
"Sarah","2026-06-08 17:36:34","2026-06-05","2026-06-05T07:40:00Z",11.1
"Sarah","2026-06-08 17:36:34","2026-06-05","2026-06-05T07:45:00Z",10.3
"Sarah","2026-06-08 17:36:34","2026-06-05","2026-06-05T07:50:00Z",9.5
"Sarah","2026-06-08 17:36:34","2026-06-05","2026-06-05T07:55:00Z",12
"Sarah","2026-06-08 17:36:34","2026-06-05","2026-06-05T08:00:00Z",13.2
"Sarah","2026-06-08 17:36:34","2026-06-05","2026-06-05T08:05:00Z",11.5
"Sarah","2026-06-08 17:36:34","2026-06-05","2026-06-05T08:10:00Z",12.7
"Sarah","2026-06-08 17:36:34","2026-06-05","2026-06-05T08:15:00Z",12.5
"Sarah","2026-06-08 17:36:34","2026-06-05","2026-06-05T08:20:00Z",13.8
"Sarah","2026-06-08 17:36:34","2026-06-05","2026-06-05T08:25:00Z",14
"Sarah","2026-06-08 17:36:34","2026-06-05","2026-06-05T08:30:00Z",12.8
"Sarah","2026-06-08 17:36:34","2026-06-05","2026-06-05T08:35:00Z",12.4
"Sarah","2026-06-08 17:36:34","2026-06-05","2026-06-05T08:40:00Z",12.7
"Sarah","2026-06-08 17:36:34","2026-06-05","2026-06-05T08:45:00Z",17
"Sarah","2026-06-08 17:36:34","2026-06-05","2026-06-05T08:50:00Z",13.8
"Sarah","2026-06-08 17:36:34","2026-06-05","2026-06-05T08:55:00Z",19
"Sarah","2026-06-08 17:36:34","2026-06-05","2026-06-05T09:00:00Z",20.8
"Sarah","2026-06-08 17:36:34","2026-06-05","2026-06-05T09:05:00Z",16.6
"Sarah","2026-06-08 17:36:34","2026-06-05","2026-06-05T09:10:00Z",18.5
"Sarah","2026-06-08 17:36:34","2026-06-05","2026-06-05T09:15:00Z",16
"Sarah","2026-06-08 17:36:34","2026-06-05","2026-06-05T09:20:00Z",11.6
"Sarah","2026-06-08 17:36:34","2026-06-05","2026-06-05T09:25:00Z",12.2
"Sarah","2026-06-08 17:36:34","2026-06-05","2026-06-05T09:30:00Z",13.1
"Sarah","2026-06-08 17:36:34","2026-06-05","2026-06-05T09:35:00Z",13.7
"Sarah","2026-06-08 17:36:34","2026-06-05","2026-06-05T09:40:00Z",13.8
"Sarah","2026-06-08 17:36:34","2026-06-05","2026-06-05T09:45:00Z",12.4
"Sarah","2026-06-08 17:36:34","2026-06-05","2026-06-05T09:50:00Z",12.2
"Sarah","2026-06-08 17:36:34","2026-06-05","2026-06-05T09:55:00Z",12.7
"Sarah","2026-06-08 17:36:34","2026-06-05","2026-06-05T10:00:00Z",12.1
"Sarah","2026-06-08 17:36:34","2026-06-05","2026-06-05T10:05:00Z",16.5
"Sarah","2026-06-08 17:36:34","2026-06-05","2026-06-05T10:10:00Z",11.8
"Sarah","2026-06-08 17:36:34","2026-06-05","2026-06-05T10:15:00Z",14
"Sarah","2026-06-08 17:59:19","2026-06-06","2026-06-06T07:30:00Z",9.9
"Sarah","2026-06-08 17:59:19","2026-06-06","2026-06-06T07:35:00Z",11.5
"Sarah","2026-06-08 17:59:19","2026-06-06","2026-06-06T07:40:00Z",11.5
"Sarah","2026-06-08 17:59:19","2026-06-06","2026-06-06T07:45:00Z",12.4
"Sarah","2026-06-08 17:59:19","2026-06-06","2026-06-06T07:50:00Z",11.3
"Sarah","2026-06-08 17:59:19","2026-06-06","2026-06-06T07:55:00Z",10.3
"Sarah","2026-06-08 17:59:19","2026-06-06","2026-06-06T08:00:00Z",10.2
"Sarah","2026-06-08 17:59:19","2026-06-06","2026-06-06T08:05:00Z",10.5
"Sarah","2026-06-08 17:59:19","2026-06-06","2026-06-06T08:10:00Z",10.8
"Sarah","2026-06-08 17:59:19","2026-06-06","2026-06-06T08:15:00Z",10.4
"Sarah","2026-06-08 17:59:19","2026-06-06","2026-06-06T08:20:00Z",10.1
"Sarah","2026-06-08 17:59:19","2026-06-06","2026-06-06T08:25:00Z",9
"Sarah","2026-06-08 17:59:19","2026-06-06","2026-06-06T08:30:00Z",9.1
"Sarah","2026-06-08 17:59:19","2026-06-06","2026-06-06T08:35:00Z",11.9
"Sarah","2026-06-08 17:59:19","2026-06-06","2026-06-06T08:40:00Z",11.1
"Sarah","2026-06-08 17:59:19","2026-06-06","2026-06-06T08:45:00Z",8.7
"Sarah","2026-06-08 17:59:19","2026-06-06","2026-06-06T08:50:00Z",9.7
"Sarah","2026-06-08 17:59:19","2026-06-06","2026-06-06T08:55:00Z",9.7
"Sarah","2026-06-08 17:59:19","2026-06-06","2026-06-06T09:00:00Z",14.2
"Sarah","2026-06-08 17:59:19","2026-06-06","2026-06-06T09:05:00Z",13.5
"Sarah","2026-06-08 17:59:19","2026-06-06","2026-06-06T09:10:00Z",12.5
"Sarah","2026-06-08 17:59:19","2026-06-06","2026-06-06T09:15:00Z",12.4
"Sarah","2026-06-08 17:59:19","2026-06-06","2026-06-06T09:20:00Z",13.8
"Sarah","2026-06-08 17:59:19","2026-06-06","2026-06-06T09:25:00Z",14.1
"Sarah","2026-06-08 17:59:19","2026-06-06","2026-06-06T09:30:00Z",14.9
"Sarah","2026-06-08 17:59:19","2026-06-06","2026-06-06T09:35:00Z",13.8
"Sarah","2026-06-08 17:59:19","2026-06-06","2026-06-06T09:40:00Z",15.6
"Sarah","2026-06-08 17:59:19","2026-06-06","2026-06-06T09:45:00Z",17.4
"Sarah","2026-06-08 17:59:19","2026-06-06","2026-06-06T09:50:00Z",18.6
"Sarah","2026-06-08 17:59:19","2026-06-06","2026-06-06T09:55:00Z",20
"Sarah","2026-06-08 17:59:19","2026-06-06","2026-06-06T10:00:00Z",17.9
"Sarah","2026-06-08 17:59:19","2026-06-06","2026-06-06T10:05:00Z",13.5
"Sarah","2026-06-08 17:59:19","2026-06-06","2026-06-06T10:10:00Z",9.8
"Sarah","2026-06-08 17:59:19","2026-06-06","2026-06-06T10:15:00Z",14.2
"Sarah","2026-06-08 17:59:19","2026-06-06","2026-06-06T10:20:00Z",13.7
"Sarah","2026-06-08 17:59:19","2026-06-06","2026-06-06T10:25:00Z",12.9
"Sarah","2026-06-08 17:59:19","2026-06-06","2026-06-06T10:30:00Z",10.8
"Sarah","2026-06-08 17:59:19","2026-06-06","2026-06-06T10:35:00Z",11.8
"Sarah","2026-06-08 17:59:19","2026-06-06","2026-06-06T10:40:00Z",14.2
"Sarah","2026-06-08 17:59:19","2026-06-06","2026-06-06T10:45:00Z",16.4
"Sarah","2026-06-08 17:59:19","2026-06-06","2026-06-06T10:50:00Z",17.6
"Sarah","2026-06-08 17:59:19","2026-06-06","2026-06-06T10:55:00Z",14.6
"Sarah","2026-06-08 17:59:19","2026-06-06","2026-06-06T11:00:00Z",16.6
"Sarah","2026-06-08 17:59:19","2026-06-06","2026-06-06T11:05:00Z",21.7
"Sarah","2026-06-08 17:59:19","2026-06-06","2026-06-06T11:10:00Z",19.6
"Sarah","2026-06-08 17:59:19","2026-06-06","2026-06-06T11:15:00Z",20.2
"Sarah","2026-06-08 17:59:19","2026-06-06","2026-06-06T11:20:00Z",20.7
"Sarah","2026-06-08 17:59:19","2026-06-06","2026-06-06T11:25:00Z",17.1
"Sarah","2026-06-08 17:59:19","2026-06-06","2026-06-06T11:30:00Z",17.5
"Sarah","2026-06-08 17:59:19","2026-06-06","2026-06-06T11:35:00Z",14.1
"Sarah","2026-06-08 17:59:19","2026-06-06","2026-06-06T11:40:00Z",16.6
"Sarah","2026-06-08 17:59:19","2026-06-06","2026-06-06T11:45:00Z",18.2
"Sarah","2026-06-08 17:59:19","2026-06-06","2026-06-06T11:50:00Z",16.1
"Sarah","2026-06-08 17:59:19","2026-06-06","2026-06-06T11:55:00Z",15.7
"Sarah","2026-06-08 17:59:19","2026-06-06","2026-06-06T12:00:00Z",13.7
"Sarah","2026-06-08 17:59:19","2026-06-06","2026-06-06T12:05:00Z",21.2
"Sarah","2026-06-08 17:59:19","2026-06-06","2026-06-06T12:10:00Z",20.1
"Sarah","2026-06-08 17:59:19","2026-06-06","2026-06-06T12:15:00Z",15.4
"Sarah","2026-06-08 17:59:19","2026-06-06","2026-06-06T12:20:00Z",15.4
"Sarah","2026-06-08 17:59:19","2026-06-06","2026-06-06T12:25:00Z",19.3
"Sarah","2026-06-08 17:59:19","2026-06-06","2026-06-06T12:30:00Z",18.8
"Sarah","2026-06-08 17:59:19","2026-06-06","2026-06-06T12:35:00Z",20
"Sarah","2026-06-08 17:59:19","2026-06-06","2026-06-06T12:40:00Z",19.3
"Sarah","2026-06-08 17:59:19","2026-06-06","2026-06-06T12:45:00Z",22.8
"Sarah","2026-06-08 17:59:19","2026-06-06","2026-06-06T12:50:00Z",20.6
"Sarah","2026-06-08 17:59:19","2026-06-06","2026-06-06T12:55:00Z",20.9
"Sarah","2026-06-08 17:59:19","2026-06-06","2026-06-06T13:00:00Z",20.8
"Sarah","2026-06-08 17:59:19","2026-06-06","2026-06-06T13:05:00Z",19.5
"Sarah","2026-06-08 17:59:19","2026-06-06","2026-06-06T13:10:00Z",20.3
"Sarah","2026-06-08 17:59:19","2026-06-06","2026-06-06T13:15:00Z",15.1
"Sarah","2026-06-08 17:59:19","2026-06-06","2026-06-06T13:20:00Z",18.1
"Sarah","2026-06-08 17:59:19","2026-06-06","2026-06-06T13:25:00Z",16.4
"Sarah","2026-06-08 17:59:19","2026-06-06","2026-06-06T13:30:00Z",17.7
"Sarah","2026-06-08 17:59:19","2026-06-06","2026-06-06T13:35:00Z",15
"Sarah","2026-06-08 17:59:19","2026-06-06","2026-06-06T13:40:00Z",19.9
"Sarah","2026-06-08 17:59:19","2026-06-06","2026-06-06T13:45:00Z",21.1
"Sarah","2026-06-08 17:59:19","2026-06-06","2026-06-06T13:50:00Z",20.8
"Sarah","2026-06-08 17:59:19","2026-06-06","2026-06-06T13:55:00Z",18.4
"Sarah","2026-06-08 17:59:19","2026-06-06","2026-06-06T14:00:00Z",23.1
"Sarah","2026-06-08 17:59:19","2026-06-06","2026-06-06T14:05:00Z",17.9
"Sarah","2026-06-08 17:59:19","2026-06-06","2026-06-06T14:10:00Z",17.9
"Sarah","2026-06-08 17:59:19","2026-06-06","2026-06-06T14:15:00Z",19.5
"Sarah","2026-06-08 17:59:19","2026-06-06","2026-06-06T14:20:00Z",19.1
"Sarah","2026-06-08 17:59:19","2026-06-06","2026-06-06T14:25:00Z",16.7
"Sarah","2026-06-08 17:59:19","2026-06-06","2026-06-06T14:30:00Z",18
"Sarah","2026-06-08 17:59:19","2026-06-06","2026-06-06T14:35:00Z",17.5
"Sarah","2026-06-08 17:59:19","2026-06-06","2026-06-06T14:40:00Z",17.2
"Sarah","2026-06-08 17:59:19","2026-06-06","2026-06-06T14:45:00Z",17.6
"Sarah","2026-06-08 17:59:19","2026-06-06","2026-06-06T14:50:00Z",19.9
"Sarah","2026-06-08 17:59:19","2026-06-06","2026-06-06T14:55:00Z",22.7
"Sarah","2026-06-08 17:59:19","2026-06-06","2026-06-06T15:00:00Z",21.7
"Sarah","2026-06-08 17:59:19","2026-06-06","2026-06-06T15:05:00Z",19.1
"Sarah","2026-06-08 17:59:19","2026-06-06","2026-06-06T15:10:00Z",17.4
"Sarah","2026-06-08 17:59:19","2026-06-06","2026-06-06T15:15:00Z",17.8
"Sarah","2026-06-08 17:59:19","2026-06-06","2026-06-06T15:20:00Z",24.1
"Sarah","2026-06-08 18:15:13","2026-06-07","2026-06-07T07:15:00Z",15.5
"Sarah","2026-06-08 18:15:13","2026-06-07","2026-06-07T07:20:00Z",12.9
"Sarah","2026-06-08 18:15:13","2026-06-07","2026-06-07T07:25:00Z",14.7
"Sarah","2026-06-08 18:15:13","2026-06-07","2026-06-07T07:30:00Z",13.3
"Sarah","2026-06-08 18:15:13","2026-06-07","2026-06-07T07:35:00Z",10.7
"Sarah","2026-06-08 18:15:13","2026-06-07","2026-06-07T07:40:00Z",10.8
"Sarah","2026-06-08 18:15:13","2026-06-07","2026-06-07T07:45:00Z",12.2
"Sarah","2026-06-08 18:15:13","2026-06-07","2026-06-07T07:50:00Z",14.5
"Sarah","2026-06-08 18:15:13","2026-06-07","2026-06-07T07:55:00Z",9.3
"Sarah","2026-06-08 18:15:13","2026-06-07","2026-06-07T08:00:00Z",14
"Sarah","2026-06-08 18:15:13","2026-06-07","2026-06-07T08:05:00Z",10.9
"Sarah","2026-06-08 18:15:13","2026-06-07","2026-06-07T08:10:00Z",13
"Sarah","2026-06-08 18:15:13","2026-06-07","2026-06-07T08:15:00Z",11.8
"Sarah","2026-06-08 18:15:13","2026-06-07","2026-06-07T08:20:00Z",16.9
"Sarah","2026-06-08 18:15:13","2026-06-07","2026-06-07T08:25:00Z",19.9
"Sarah","2026-06-08 18:15:13","2026-06-07","2026-06-07T08:30:00Z",17.9
"Sarah","2026-06-08 18:15:13","2026-06-07","2026-06-07T08:35:00Z",16.4
"Sarah","2026-06-08 18:15:13","2026-06-07","2026-06-07T08:40:00Z",17.8
"Sarah","2026-06-08 18:15:13","2026-06-07","2026-06-07T08:45:00Z",15
"Sarah","2026-06-08 18:15:13","2026-06-07","2026-06-07T08:50:00Z",11.1
"Sarah","2026-06-08 18:15:13","2026-06-07","2026-06-07T08:55:00Z",15.5
"Sarah","2026-06-08 18:15:13","2026-06-07","2026-06-07T09:00:00Z",19.2
"Sarah","2026-06-08 18:15:13","2026-06-07","2026-06-07T09:05:00Z",15.1
"Sarah","2026-06-08 18:15:13","2026-06-07","2026-06-07T09:10:00Z",14.5
"Sarah","2026-06-08 18:15:13","2026-06-07","2026-06-07T09:15:00Z",13.5
"Sarah","2026-06-08 18:15:13","2026-06-07","2026-06-07T09:20:00Z",12.4
"Sarah","2026-06-08 18:15:13","2026-06-07","2026-06-07T09:25:00Z",17.1
"Sarah","2026-06-08 18:15:13","2026-06-07","2026-06-07T09:30:00Z",11.1
"Sarah","2026-06-08 18:15:13","2026-06-07","2026-06-07T09:35:00Z",15.6
"Sarah","2026-06-08 18:15:13","2026-06-07","2026-06-07T09:40:00Z",8.6
"Sarah","2026-06-08 18:15:13","2026-06-07","2026-06-07T09:45:00Z",9.1
"Sarah","2026-06-08 18:15:13","2026-06-07","2026-06-07T09:50:00Z",10.3
"Sarah","2026-06-08 18:15:13","2026-06-07","2026-06-07T09:55:00Z",10.2
"Sarah","2026-06-08 18:15:13","2026-06-07","2026-06-07T10:00:00Z",11.1
"Sarah","2026-06-08 18:15:13","2026-06-07","2026-06-07T10:05:00Z",9.1
"Sarah","2026-06-08 18:15:13","2026-06-07","2026-06-07T10:10:00Z",10.9
"Sarah","2026-06-08 18:15:13","2026-06-07","2026-06-07T10:15:00Z",13.4
"Sarah","2026-06-08 18:15:13","2026-06-07","2026-06-07T10:20:00Z",11.4
"Sarah","2026-06-08 18:15:13","2026-06-07","2026-06-07T10:25:00Z",18.1
"Sarah","2026-06-08 18:15:13","2026-06-07","2026-06-07T10:30:00Z",18.1
"Sarah","2026-06-08 18:15:13","2026-06-07","2026-06-07T10:35:00Z",14.8
"Sarah","2026-06-08 18:15:13","2026-06-07","2026-06-07T10:40:00Z",16.1
"Sarah","2026-06-08 18:15:13","2026-06-07","2026-06-07T10:45:00Z",17.3
"Sarah","2026-06-08 18:15:13","2026-06-07","2026-06-07T10:50:00Z",15.8
"Sarah","2026-06-08 18:15:13","2026-06-07","2026-06-07T10:55:00Z",11.9
"Sarah","2026-06-08 18:15:13","2026-06-07","2026-06-07T11:00:00Z",11.5
"Sarah","2026-06-08 18:15:13","2026-06-07","2026-06-07T11:05:00Z",13.1
"Sarah","2026-06-08 18:15:13","2026-06-07","2026-06-07T11:10:00Z",12.2
"Sarah","2026-06-08 18:15:13","2026-06-07","2026-06-07T11:15:00Z",11.7
"Sarah","2026-06-08 18:15:13","2026-06-07","2026-06-07T11:20:00Z",11.8
"Sarah","2026-06-08 18:15:13","2026-06-07","2026-06-07T11:25:00Z",12.9
"Sarah","2026-06-08 18:15:13","2026-06-07","2026-06-07T11:30:00Z",13.2
"Sarah","2026-06-08 18:15:13","2026-06-07","2026-06-07T11:35:00Z",12.2
"Sarah","2026-06-08 18:15:13","2026-06-07","2026-06-07T11:40:00Z",13.2
"Sarah","2026-06-08 18:15:13","2026-06-07","2026-06-07T11:45:00Z",11.4
"Sarah","2026-06-08 18:15:13","2026-06-07","2026-06-07T11:50:00Z",12.9
"Sarah","2026-06-08 18:15:13","2026-06-07","2026-06-07T11:55:00Z",16.7
"Sarah","2026-06-08 18:15:13","2026-06-07","2026-06-07T12:00:00Z",17.2
"Sarah","2026-06-08 18:15:13","2026-06-07","2026-06-07T12:05:00Z",17.7
"Sarah","2026-06-08 18:15:13","2026-06-07","2026-06-07T12:10:00Z",16.1
"Sarah","2026-06-08 18:15:13","2026-06-07","2026-06-07T12:15:00Z",14.3
"Sarah","2026-06-08 18:15:13","2026-06-07","2026-06-07T12:20:00Z",17.6
"Sarah","2026-06-08 18:15:13","2026-06-07","2026-06-07T12:25:00Z",21.1
"Sarah","2026-06-08 18:15:13","2026-06-07","2026-06-07T12:30:00Z",21.7
"Sarah","2026-06-08 18:15:13","2026-06-07","2026-06-07T12:35:00Z",21.7
"Sarah","2026-06-08 18:15:13","2026-06-07","2026-06-07T12:40:00Z",16.4
"Sarah","2026-06-08 18:15:13","2026-06-07","2026-06-07T12:45:00Z",16.9
"Sarah","2026-06-08 18:15:13","2026-06-07","2026-06-07T12:50:00Z",12.7
"Sarah","2026-06-08 18:15:13","2026-06-07","2026-06-07T12:55:00Z",13.5
"Sarah","2026-06-08 18:15:13","2026-06-07","2026-06-07T13:00:00Z",14.4
"Sarah","2026-06-08 18:15:13","2026-06-07","2026-06-07T13:05:00Z",13.6
"Sarah","2026-06-08 18:15:13","2026-06-07","2026-06-07T13:10:00Z",14
"Sarah","2026-06-08 18:15:13","2026-06-07","2026-06-07T13:15:00Z",16.3
"Sarah","2026-06-08 18:15:13","2026-06-07","2026-06-07T13:20:00Z",14.6
"Sarah","2026-06-08 18:15:13","2026-06-07","2026-06-07T13:25:00Z",14.5
"Sarah","2026-06-08 18:15:13","2026-06-07","2026-06-07T13:30:00Z",12.5
"Sarah","2026-06-08 18:15:13","2026-06-07","2026-06-07T13:35:00Z",13.5
"Sarah","2026-06-08 18:15:13","2026-06-07","2026-06-07T13:40:00Z",13.3
"Sarah","2026-06-08 18:15:13","2026-06-07","2026-06-07T13:45:00Z",15.6
"Sarah","2026-06-08 18:15:13","2026-06-07","2026-06-07T13:50:00Z",15.7
"Sarah","2026-06-08 18:15:13","2026-06-07","2026-06-07T13:55:00Z",19.3
"Sarah","2026-06-08 18:15:13","2026-06-07","2026-06-07T14:00:00Z",18
"Sarah","2026-06-08 18:15:13","2026-06-07","2026-06-07T14:05:00Z",17.8
"Sarah","2026-06-08 18:15:13","2026-06-07","2026-06-07T14:10:00Z",19.8
"Sarah","2026-06-08 18:15:13","2026-06-07","2026-06-07T14:15:00Z",21.7
"Sarah","2026-06-08 18:15:13","2026-06-07","2026-06-07T14:20:00Z",19.6
"Sarah","2026-06-08 18:15:13","2026-06-07","2026-06-07T14:25:00Z",18.1
"Sarah","2026-06-08 18:15:13","2026-06-07","2026-06-07T14:30:00Z",17.8
"Sarah","2026-06-08 18:15:13","2026-06-07","2026-06-07T14:35:00Z",16.2
"Sarah","2026-06-08 18:15:13","2026-06-07","2026-06-07T14:40:00Z",14.8
"Sarah","2026-06-08 18:15:13","2026-06-07","2026-06-07T14:45:00Z",16.6
"Sarah","2026-06-08 18:15:13","2026-06-07","2026-06-07T14:50:00Z",16.9
"Sarah","2026-06-08 18:15:13","2026-06-07","2026-06-07T14:55:00Z",14.3
