"participantID","datetime_fetch","date","time","steps_5min"
"Sarah","2026-06-08 03:16:55","2026-05-28","1899-12-31",3
"Sarah","2026-06-08 03:16:55","2026-05-28","1899-12-31 00:05:00",41
"Sarah","2026-06-08 03:16:55","2026-05-28","1899-12-31 00:10:00",47
"Sarah","2026-06-08 03:16:55","2026-05-28","1899-12-31 00:15:00",8
"Sarah","2026-06-08 03:16:55","2026-05-28","1899-12-31 04:25:00",11
"Sarah","2026-06-08 03:16:55","2026-05-28","1899-12-31 06:10:00",110
"Sarah","2026-06-08 03:16:55","2026-05-28","1899-12-31 06:15:00",55
"Sarah","2026-06-08 03:16:55","2026-05-28","1899-12-31 06:20:00",19
"Sarah","2026-06-08 03:16:55","2026-05-28","1899-12-31 06:50:00",23
"Sarah","2026-06-08 03:16:55","2026-05-28","1899-12-31 06:55:00",17
"Sarah","2026-06-08 03:16:55","2026-05-28","1899-12-31 07:30:00",16
"Sarah","2026-06-08 03:16:55","2026-05-28","1899-12-31 07:55:00",60
"Sarah","2026-06-08 03:16:55","2026-05-28","1899-12-31 08:05:00",26
"Sarah","2026-06-08 03:16:55","2026-05-28","1899-12-31 08:15:00",7
"Sarah","2026-06-08 03:16:55","2026-05-28","1899-12-31 08:40:00",160
"Sarah","2026-06-08 03:16:55","2026-05-28","1899-12-31 08:45:00",56
"Sarah","2026-06-08 03:16:55","2026-05-28","1899-12-31 08:50:00",96
"Sarah","2026-06-08 03:16:55","2026-05-28","1899-12-31 09:05:00",152
"Sarah","2026-06-08 03:16:55","2026-05-28","1899-12-31 09:20:00",34
"Sarah","2026-06-08 03:16:55","2026-05-28","1899-12-31 09:25:00",120
"Sarah","2026-06-08 03:16:55","2026-05-28","1899-12-31 09:30:00",75
"Sarah","2026-06-08 03:16:55","2026-05-28","1899-12-31 09:40:00",37
"Sarah","2026-06-08 03:16:55","2026-05-28","1899-12-31 09:45:00",17
"Sarah","2026-06-08 03:16:55","2026-05-28","1899-12-31 09:50:00",99
"Sarah","2026-06-08 03:16:55","2026-05-28","1899-12-31 09:55:00",185
"Sarah","2026-06-08 03:16:55","2026-05-28","1899-12-31 10:00:00",563
"Sarah","2026-06-08 03:16:55","2026-05-28","1899-12-31 10:05:00",558
"Sarah","2026-06-08 03:16:55","2026-05-28","1899-12-31 10:10:00",560
"Sarah","2026-06-08 03:16:55","2026-05-28","1899-12-31 10:15:00",53
"Sarah","2026-06-08 03:16:55","2026-05-28","1899-12-31 10:20:00",154
"Sarah","2026-06-08 03:16:55","2026-05-28","1899-12-31 10:25:00",35
"Sarah","2026-06-08 03:16:55","2026-05-28","1899-12-31 10:30:00",79
"Sarah","2026-06-08 03:16:55","2026-05-28","1899-12-31 10:35:00",334
"Sarah","2026-06-08 03:16:55","2026-05-28","1899-12-31 10:40:00",488
"Sarah","2026-06-08 03:16:55","2026-05-28","1899-12-31 10:45:00",408
"Sarah","2026-06-08 03:16:55","2026-05-28","1899-12-31 10:50:00",368
"Sarah","2026-06-08 03:16:55","2026-05-28","1899-12-31 10:55:00",498
"Sarah","2026-06-08 03:16:55","2026-05-28","1899-12-31 11:00:00",492
"Sarah","2026-06-08 03:16:55","2026-05-28","1899-12-31 11:05:00",468
"Sarah","2026-06-08 03:16:55","2026-05-28","1899-12-31 11:10:00",190
"Sarah","2026-06-08 03:16:55","2026-05-28","1899-12-31 11:15:00",86
"Sarah","2026-06-08 03:16:55","2026-05-28","1899-12-31 11:20:00",131
"Sarah","2026-06-08 03:16:55","2026-05-28","1899-12-31 12:05:00",13
"Sarah","2026-06-08 03:16:55","2026-05-28","1899-12-31 12:10:00",19
"Sarah","2026-06-08 03:16:55","2026-05-28","1899-12-31 12:45:00",185
"Sarah","2026-06-08 03:16:55","2026-05-28","1899-12-31 12:50:00",50
"Sarah","2026-06-08 03:16:55","2026-05-28","1899-12-31 12:55:00",38
"Sarah","2026-06-08 03:16:55","2026-05-28","1899-12-31 13:00:00",16
"Sarah","2026-06-08 03:16:55","2026-05-28","1899-12-31 13:10:00",120
"Sarah","2026-06-08 03:16:55","2026-05-28","1899-12-31 13:15:00",310
"Sarah","2026-06-08 03:16:55","2026-05-28","1899-12-31 13:20:00",93
"Sarah","2026-06-08 03:16:55","2026-05-28","1899-12-31 13:25:00",232
"Sarah","2026-06-08 03:16:55","2026-05-28","1899-12-31 13:30:00",52
"Sarah","2026-06-08 03:16:55","2026-05-28","1899-12-31 13:35:00",137
"Sarah","2026-06-08 03:16:55","2026-05-28","1899-12-31 13:40:00",361
"Sarah","2026-06-08 03:16:55","2026-05-28","1899-12-31 13:45:00",52
"Sarah","2026-06-08 03:16:55","2026-05-28","1899-12-31 13:50:00",66
"Sarah","2026-06-08 03:16:55","2026-05-28","1899-12-31 13:55:00",56
"Sarah","2026-06-08 03:16:55","2026-05-28","1899-12-31 14:05:00",51
"Sarah","2026-06-08 03:16:55","2026-05-28","1899-12-31 14:10:00",7
"Sarah","2026-06-08 03:16:55","2026-05-28","1899-12-31 16:20:00",29
"Sarah","2026-06-08 03:16:55","2026-05-28","1899-12-31 16:25:00",80
"Sarah","2026-06-08 03:16:55","2026-05-28","1899-12-31 16:30:00",7
"Sarah","2026-06-08 03:16:55","2026-05-28","1899-12-31 17:20:00",9
"Sarah","2026-06-08 03:16:55","2026-05-28","1899-12-31 17:45:00",59
"Sarah","2026-06-08 03:16:55","2026-05-28","1899-12-31 17:50:00",65
"Sarah","2026-06-08 03:16:55","2026-05-28","1899-12-31 17:55:00",247
"Sarah","2026-06-08 03:16:55","2026-05-28","1899-12-31 18:00:00",19
"Sarah","2026-06-08 03:16:55","2026-05-28","1899-12-31 18:05:00",67
"Sarah","2026-06-08 03:16:55","2026-05-28","1899-12-31 18:30:00",8
"Sarah","2026-06-08 03:16:55","2026-05-28","1899-12-31 18:55:00",7
"Sarah","2026-06-08 03:16:55","2026-05-28","1899-12-31 19:30:00",7
"Sarah","2026-06-08 03:16:55","2026-05-28","1899-12-31 19:35:00",82
"Sarah","2026-06-08 03:16:55","2026-05-28","1899-12-31 19:40:00",180
"Sarah","2026-06-08 03:16:55","2026-05-28","1899-12-31 19:45:00",75
"Sarah","2026-06-08 03:16:55","2026-05-28","1899-12-31 19:50:00",15
"Sarah","2026-06-08 03:16:55","2026-05-28","1899-12-31 19:55:00",13
"Sarah","2026-06-08 03:16:55","2026-05-28","1899-12-31 20:00:00",57
"Sarah","2026-06-08 03:16:55","2026-05-28","1899-12-31 20:10:00",150
"Sarah","2026-06-08 03:16:55","2026-05-28","1899-12-31 20:15:00",51
"Sarah","2026-06-08 03:16:55","2026-05-28","1899-12-31 20:40:00",58
"Sarah","2026-06-08 03:16:55","2026-05-28","1899-12-31 21:00:00",28
"Sarah","2026-06-08 03:16:55","2026-05-28","1899-12-31 21:05:00",20
"Sarah","2026-06-08 03:16:55","2026-05-28","1899-12-31 21:55:00",57
"Sarah","2026-06-08 03:16:55","2026-05-28","1899-12-31 22:05:00",29
"Sarah","2026-06-08 03:16:55","2026-05-28","1899-12-31 22:10:00",12
"Sarah","2026-06-08 03:16:55","2026-05-28","1899-12-31 22:15:00",22
"Sarah","2026-06-08 03:16:55","2026-05-28","1899-12-31 22:20:00",17
"Sarah","2026-06-08 03:16:55","2026-05-28","1899-12-31 22:25:00",20
"Sarah","2026-06-08 03:16:55","2026-05-28","1899-12-31 22:35:00",9
"Sarah","2026-06-08 03:16:55","2026-05-28","1899-12-31 22:40:00",385
"Sarah","2026-06-08 03:16:55","2026-05-28","1899-12-31 22:45:00",208
"Sarah","2026-06-08 03:16:55","2026-05-28","1899-12-31 22:50:00",204
"Sarah","2026-06-08 03:16:55","2026-05-28","1899-12-31 22:55:00",95
"Sarah","2026-06-08 03:16:55","2026-05-28","1899-12-31 23:30:00",149
"Sarah","2026-06-08 03:16:55","2026-05-28","1899-12-31 23:35:00",149
"Sarah","2026-06-08 03:16:55","2026-05-28","1899-12-31 23:40:00",322
"Sarah","2026-06-08 03:16:55","2026-05-28","1899-12-31 23:45:00",434
"Sarah","2026-06-08 03:16:55","2026-05-28","1899-12-31 23:50:00",326
"Sarah","2026-06-08 03:16:55","2026-05-28","1899-12-31 23:55:00",417
"Sarah","2026-06-08 03:17:42","2026-05-29","1899-12-31 00:05:00",6
"Sarah","2026-06-08 03:17:42","2026-05-29","1899-12-31 00:20:00",8
"Sarah","2026-06-08 03:17:42","2026-05-29","1899-12-31 00:50:00",77
"Sarah","2026-06-08 03:17:42","2026-05-29","1899-12-31 01:35:00",14
"Sarah","2026-06-08 03:17:42","2026-05-29","1899-12-31 01:45:00",28
"Sarah","2026-06-08 03:17:42","2026-05-29","1899-12-31 02:35:00",15
"Sarah","2026-06-08 03:17:42","2026-05-29","1899-12-31 02:40:00",13
"Sarah","2026-06-08 03:17:42","2026-05-29","1899-12-31 08:05:00",27
"Sarah","2026-06-08 03:17:42","2026-05-29","1899-12-31 08:10:00",108
"Sarah","2026-06-08 03:17:42","2026-05-29","1899-12-31 08:15:00",134
"Sarah","2026-06-08 03:17:42","2026-05-29","1899-12-31 08:20:00",141
"Sarah","2026-06-08 03:17:42","2026-05-29","1899-12-31 08:35:00",17
"Sarah","2026-06-08 03:17:42","2026-05-29","1899-12-31 08:40:00",19
"Sarah","2026-06-08 03:17:42","2026-05-29","1899-12-31 08:45:00",112
"Sarah","2026-06-08 03:17:42","2026-05-29","1899-12-31 08:55:00",132
"Sarah","2026-06-08 03:17:42","2026-05-29","1899-12-31 09:00:00",73
"Sarah","2026-06-08 03:17:42","2026-05-29","1899-12-31 09:10:00",91
"Sarah","2026-06-08 03:17:42","2026-05-29","1899-12-31 09:15:00",10
"Sarah","2026-06-08 03:17:42","2026-05-29","1899-12-31 09:20:00",16
"Sarah","2026-06-08 03:17:42","2026-05-29","1899-12-31 09:35:00",17
"Sarah","2026-06-08 03:17:42","2026-05-29","1899-12-31 09:45:00",414
"Sarah","2026-06-08 03:17:42","2026-05-29","1899-12-31 09:50:00",261
"Sarah","2026-06-08 03:17:42","2026-05-29","1899-12-31 09:55:00",113
"Sarah","2026-06-08 03:17:42","2026-05-29","1899-12-31 10:00:00",40
"Sarah","2026-06-08 03:17:42","2026-05-29","1899-12-31 10:05:00",126
"Sarah","2026-06-08 03:17:42","2026-05-29","1899-12-31 10:10:00",327
"Sarah","2026-06-08 03:17:42","2026-05-29","1899-12-31 10:35:00",7
"Sarah","2026-06-08 03:17:42","2026-05-29","1899-12-31 11:00:00",4
"Sarah","2026-06-08 03:17:42","2026-05-29","1899-12-31 11:35:00",34
"Sarah","2026-06-08 03:17:42","2026-05-29","1899-12-31 11:40:00",180
"Sarah","2026-06-08 03:17:42","2026-05-29","1899-12-31 11:45:00",74
"Sarah","2026-06-08 03:17:42","2026-05-29","1899-12-31 12:25:00",9
"Sarah","2026-06-08 03:17:42","2026-05-29","1899-12-31 12:55:00",7
"Sarah","2026-06-08 03:17:42","2026-05-29","1899-12-31 13:15:00",76
"Sarah","2026-06-08 03:17:42","2026-05-29","1899-12-31 13:30:00",74
"Sarah","2026-06-08 03:17:42","2026-05-29","1899-12-31 13:45:00",178
"Sarah","2026-06-08 03:17:42","2026-05-29","1899-12-31 13:50:00",47
"Sarah","2026-06-08 03:17:42","2026-05-29","1899-12-31 13:55:00",12
"Sarah","2026-06-08 03:17:42","2026-05-29","1899-12-31 14:00:00",8
"Sarah","2026-06-08 03:17:42","2026-05-29","1899-12-31 14:05:00",45
"Sarah","2026-06-08 03:17:42","2026-05-29","1899-12-31 14:10:00",167
"Sarah","2026-06-08 03:17:42","2026-05-29","1899-12-31 14:15:00",176
"Sarah","2026-06-08 03:17:42","2026-05-29","1899-12-31 14:20:00",79
"Sarah","2026-06-08 03:17:42","2026-05-29","1899-12-31 14:25:00",117
"Sarah","2026-06-08 03:17:42","2026-05-29","1899-12-31 14:30:00",67
"Sarah","2026-06-08 03:17:42","2026-05-29","1899-12-31 14:35:00",106
"Sarah","2026-06-08 03:17:42","2026-05-29","1899-12-31 14:50:00",23
"Sarah","2026-06-08 03:17:42","2026-05-29","1899-12-31 14:55:00",6
"Sarah","2026-06-08 03:17:42","2026-05-29","1899-12-31 15:00:00",8
"Sarah","2026-06-08 03:17:42","2026-05-29","1899-12-31 15:20:00",34
"Sarah","2026-06-08 03:17:42","2026-05-29","1899-12-31 15:25:00",184
"Sarah","2026-06-08 03:17:42","2026-05-29","1899-12-31 15:30:00",322
"Sarah","2026-06-08 03:17:42","2026-05-29","1899-12-31 15:35:00",545
"Sarah","2026-06-08 03:17:42","2026-05-29","1899-12-31 15:40:00",251
"Sarah","2026-06-08 03:17:42","2026-05-29","1899-12-31 15:45:00",9
"Sarah","2026-06-08 03:17:42","2026-05-29","1899-12-31 16:20:00",291
"Sarah","2026-06-08 03:17:42","2026-05-29","1899-12-31 16:25:00",454
"Sarah","2026-06-08 03:17:42","2026-05-29","1899-12-31 16:30:00",404
"Sarah","2026-06-08 03:17:42","2026-05-29","1899-12-31 16:35:00",356
"Sarah","2026-06-08 03:17:42","2026-05-29","1899-12-31 16:40:00",82
"Sarah","2026-06-08 03:17:42","2026-05-29","1899-12-31 16:45:00",43
"Sarah","2026-06-08 03:17:42","2026-05-29","1899-12-31 16:50:00",58
"Sarah","2026-06-08 03:17:42","2026-05-29","1899-12-31 16:55:00",155
"Sarah","2026-06-08 03:17:42","2026-05-29","1899-12-31 17:00:00",46
"Sarah","2026-06-08 03:17:42","2026-05-29","1899-12-31 17:05:00",85
"Sarah","2026-06-08 03:17:42","2026-05-29","1899-12-31 17:10:00",20
"Sarah","2026-06-08 03:17:42","2026-05-29","1899-12-31 18:15:00",273
"Sarah","2026-06-08 03:17:42","2026-05-29","1899-12-31 18:20:00",261
"Sarah","2026-06-08 03:17:42","2026-05-29","1899-12-31 18:25:00",164
"Sarah","2026-06-08 03:17:42","2026-05-29","1899-12-31 18:30:00",47
"Sarah","2026-06-08 03:17:42","2026-05-29","1899-12-31 18:35:00",249
"Sarah","2026-06-08 03:17:42","2026-05-29","1899-12-31 18:40:00",463
"Sarah","2026-06-08 03:17:42","2026-05-29","1899-12-31 18:45:00",143
"Sarah","2026-06-08 03:17:42","2026-05-29","1899-12-31 18:50:00",114
"Sarah","2026-06-08 03:17:42","2026-05-29","1899-12-31 18:55:00",142
"Sarah","2026-06-08 03:17:42","2026-05-29","1899-12-31 19:50:00",20
"Sarah","2026-06-08 03:17:42","2026-05-29","1899-12-31 19:55:00",113
"Sarah","2026-06-08 03:17:42","2026-05-29","1899-12-31 20:00:00",57
"Sarah","2026-06-08 03:17:42","2026-05-29","1899-12-31 20:05:00",51
"Sarah","2026-06-08 03:17:42","2026-05-29","1899-12-31 20:10:00",36
"Sarah","2026-06-08 03:17:42","2026-05-29","1899-12-31 20:45:00",219
"Sarah","2026-06-08 03:17:42","2026-05-29","1899-12-31 20:50:00",304
"Sarah","2026-06-08 03:17:42","2026-05-29","1899-12-31 20:55:00",87
"Sarah","2026-06-08 03:17:42","2026-05-29","1899-12-31 21:15:00",92
"Sarah","2026-06-08 03:17:42","2026-05-29","1899-12-31 21:20:00",29
"Sarah","2026-06-08 03:17:42","2026-05-29","1899-12-31 21:25:00",40
"Sarah","2026-06-08 03:17:42","2026-05-29","1899-12-31 21:30:00",56
"Sarah","2026-06-08 03:17:42","2026-05-29","1899-12-31 21:35:00",37
"Sarah","2026-06-08 03:17:42","2026-05-29","1899-12-31 21:55:00",40
"Sarah","2026-06-08 03:17:42","2026-05-29","1899-12-31 22:25:00",23
"Sarah","2026-06-08 03:17:42","2026-05-29","1899-12-31 22:40:00",116
"Sarah","2026-06-08 03:17:42","2026-05-29","1899-12-31 23:15:00",4
"Sarah","2026-06-08 03:17:42","2026-05-29","1899-12-31 23:30:00",36
"Sarah","2026-06-08 03:17:42","2026-05-29","1899-12-31 23:35:00",4
"Sarah","2026-06-08 03:18:25","2026-05-30","1899-12-31 00:35:00",35
"Sarah","2026-06-08 03:18:25","2026-05-30","1899-12-31 00:40:00",84
"Sarah","2026-06-08 03:18:25","2026-05-30","1899-12-31 01:20:00",23
"Sarah","2026-06-08 03:18:25","2026-05-30","1899-12-31 01:35:00",10
"Sarah","2026-06-08 03:18:25","2026-05-30","1899-12-31 01:45:00",60
"Sarah","2026-06-08 03:18:25","2026-05-30","1899-12-31 07:35:00",125
"Sarah","2026-06-08 03:18:25","2026-05-30","1899-12-31 07:40:00",3
"Sarah","2026-06-08 03:18:25","2026-05-30","1899-12-31 08:20:00",9
"Sarah","2026-06-08 03:18:25","2026-05-30","1899-12-31 08:40:00",49
"Sarah","2026-06-08 03:18:25","2026-05-30","1899-12-31 08:45:00",45
"Sarah","2026-06-08 03:18:25","2026-05-30","1899-12-31 09:40:00",28
"Sarah","2026-06-08 03:18:25","2026-05-30","1899-12-31 10:40:00",8
"Sarah","2026-06-08 03:18:25","2026-05-30","1899-12-31 14:40:00",66
"Sarah","2026-06-08 03:18:25","2026-05-30","1899-12-31 14:45:00",35
"Sarah","2026-06-08 03:18:25","2026-05-30","1899-12-31 15:15:00",4
"Sarah","2026-06-08 03:18:25","2026-05-30","1899-12-31 15:25:00",23
"Sarah","2026-06-08 03:18:25","2026-05-30","1899-12-31 15:30:00",101
"Sarah","2026-06-08 03:18:25","2026-05-30","1899-12-31 15:35:00",141
"Sarah","2026-06-08 03:18:25","2026-05-30","1899-12-31 15:40:00",53
"Sarah","2026-06-08 03:18:25","2026-05-30","1899-12-31 15:55:00",17
"Sarah","2026-06-08 03:18:25","2026-05-30","1899-12-31 16:50:00",39
"Sarah","2026-06-08 03:18:25","2026-05-30","1899-12-31 17:20:00",39
"Sarah","2026-06-08 03:18:25","2026-05-30","1899-12-31 17:25:00",62
"Sarah","2026-06-08 03:18:25","2026-05-30","1899-12-31 18:00:00",82
"Sarah","2026-06-08 03:18:25","2026-05-30","1899-12-31 18:05:00",68
"Sarah","2026-06-08 03:18:25","2026-05-30","1899-12-31 18:20:00",7
"Sarah","2026-06-08 03:18:25","2026-05-30","1899-12-31 19:15:00",90
"Sarah","2026-06-08 03:18:25","2026-05-30","1899-12-31 19:20:00",99
"Sarah","2026-06-08 03:18:25","2026-05-30","1899-12-31 19:40:00",9
"Sarah","2026-06-08 03:18:25","2026-05-30","1899-12-31 19:50:00",19
"Sarah","2026-06-08 03:18:25","2026-05-30","1899-12-31 20:00:00",141
"Sarah","2026-06-08 03:18:25","2026-05-30","1899-12-31 20:05:00",66
"Sarah","2026-06-08 03:18:25","2026-05-30","1899-12-31 21:00:00",31
"Sarah","2026-06-08 03:18:25","2026-05-30","1899-12-31 21:05:00",212
"Sarah","2026-06-08 03:18:25","2026-05-30","1899-12-31 21:10:00",14
"Sarah","2026-06-08 03:18:25","2026-05-30","1899-12-31 21:15:00",192
"Sarah","2026-06-08 03:18:25","2026-05-30","1899-12-31 22:25:00",14
"Sarah","2026-06-08 03:18:25","2026-05-30","1899-12-31 22:40:00",84
"Sarah","2026-06-08 03:18:25","2026-05-30","1899-12-31 22:45:00",53
"Sarah","2026-06-08 03:18:25","2026-05-30","1899-12-31 23:05:00",76
"Sarah","2026-06-08 03:18:25","2026-05-30","1899-12-31 23:10:00",15
"Sarah","2026-06-08 03:18:25","2026-05-30","1899-12-31 23:20:00",94
"Sarah","2026-06-08 03:18:25","2026-05-30","1899-12-31 23:25:00",80
"Sarah","2026-06-08 03:19:58","2026-05-31","1899-12-31 00:05:00",23
"Sarah","2026-06-08 03:19:58","2026-05-31","1899-12-31 00:10:00",21
"Sarah","2026-06-08 03:19:58","2026-05-31","1899-12-31 01:00:00",19
"Sarah","2026-06-08 03:19:58","2026-05-31","1899-12-31 01:10:00",62
"Sarah","2026-06-08 03:19:58","2026-05-31","1899-12-31 02:15:00",63
"Sarah","2026-06-08 03:19:58","2026-05-31","1899-12-31 02:25:00",51
"Sarah","2026-06-08 03:19:58","2026-05-31","1899-12-31 02:35:00",9
"Sarah","2026-06-08 03:19:58","2026-05-31","1899-12-31 03:40:00",43
"Sarah","2026-06-08 03:19:58","2026-05-31","1899-12-31 03:45:00",3
"Sarah","2026-06-08 03:19:58","2026-05-31","1899-12-31 06:45:00",11
"Sarah","2026-06-08 03:19:58","2026-05-31","1899-12-31 10:50:00",99
"Sarah","2026-06-08 03:19:58","2026-05-31","1899-12-31 10:55:00",21
"Sarah","2026-06-08 03:19:58","2026-05-31","1899-12-31 11:00:00",67
"Sarah","2026-06-08 03:19:58","2026-05-31","1899-12-31 11:05:00",109
"Sarah","2026-06-08 03:19:58","2026-05-31","1899-12-31 11:10:00",28
"Sarah","2026-06-08 03:19:58","2026-05-31","1899-12-31 11:20:00",29
"Sarah","2026-06-08 03:19:58","2026-05-31","1899-12-31 11:25:00",26
"Sarah","2026-06-08 03:19:58","2026-05-31","1899-12-31 11:30:00",407
"Sarah","2026-06-08 03:19:58","2026-05-31","1899-12-31 11:35:00",179
"Sarah","2026-06-08 03:19:58","2026-05-31","1899-12-31 11:40:00",65
"Sarah","2026-06-08 03:19:58","2026-05-31","1899-12-31 11:45:00",270
"Sarah","2026-06-08 03:19:58","2026-05-31","1899-12-31 11:50:00",375
"Sarah","2026-06-08 03:19:58","2026-05-31","1899-12-31 11:55:00",67
"Sarah","2026-06-08 03:19:58","2026-05-31","1899-12-31 12:00:00",22
"Sarah","2026-06-08 03:19:58","2026-05-31","1899-12-31 12:05:00",111
"Sarah","2026-06-08 03:19:58","2026-05-31","1899-12-31 12:10:00",8
"Sarah","2026-06-08 03:19:58","2026-05-31","1899-12-31 12:15:00",37
"Sarah","2026-06-08 03:19:58","2026-05-31","1899-12-31 12:20:00",329
"Sarah","2026-06-08 03:19:58","2026-05-31","1899-12-31 12:25:00",570
"Sarah","2026-06-08 03:19:58","2026-05-31","1899-12-31 12:30:00",521
"Sarah","2026-06-08 03:19:58","2026-05-31","1899-12-31 12:35:00",178
"Sarah","2026-06-08 03:19:58","2026-05-31","1899-12-31 12:40:00",8
"Sarah","2026-06-08 03:19:58","2026-05-31","1899-12-31 13:05:00",54
"Sarah","2026-06-08 03:19:58","2026-05-31","1899-12-31 13:10:00",118
"Sarah","2026-06-08 03:19:58","2026-05-31","1899-12-31 13:20:00",169
"Sarah","2026-06-08 03:19:58","2026-05-31","1899-12-31 13:25:00",354
"Sarah","2026-06-08 03:19:58","2026-05-31","1899-12-31 13:30:00",12
"Sarah","2026-06-08 03:19:58","2026-05-31","1899-12-31 13:35:00",35
"Sarah","2026-06-08 03:19:58","2026-05-31","1899-12-31 13:40:00",81
"Sarah","2026-06-08 03:19:58","2026-05-31","1899-12-31 13:45:00",63
"Sarah","2026-06-08 03:19:58","2026-05-31","1899-12-31 13:50:00",170
"Sarah","2026-06-08 03:19:58","2026-05-31","1899-12-31 13:55:00",140
"Sarah","2026-06-08 03:19:58","2026-05-31","1899-12-31 14:00:00",11
"Sarah","2026-06-08 03:19:58","2026-05-31","1899-12-31 14:05:00",69
"Sarah","2026-06-08 03:19:58","2026-05-31","1899-12-31 14:25:00",46
"Sarah","2026-06-08 03:19:58","2026-05-31","1899-12-31 14:30:00",212
"Sarah","2026-06-08 03:19:58","2026-05-31","1899-12-31 14:35:00",63
"Sarah","2026-06-08 03:19:58","2026-05-31","1899-12-31 14:40:00",84
"Sarah","2026-06-08 03:19:58","2026-05-31","1899-12-31 14:45:00",272
"Sarah","2026-06-08 03:19:58","2026-05-31","1899-12-31 14:50:00",7
"Sarah","2026-06-08 03:19:58","2026-05-31","1899-12-31 15:00:00",36
"Sarah","2026-06-08 03:19:58","2026-05-31","1899-12-31 15:05:00",133
"Sarah","2026-06-08 03:19:58","2026-05-31","1899-12-31 15:10:00",128
"Sarah","2026-06-08 03:19:58","2026-05-31","1899-12-31 15:15:00",140
"Sarah","2026-06-08 03:19:58","2026-05-31","1899-12-31 15:25:00",122
"Sarah","2026-06-08 03:19:58","2026-05-31","1899-12-31 15:30:00",15
"Sarah","2026-06-08 03:19:58","2026-05-31","1899-12-31 15:40:00",44
"Sarah","2026-06-08 03:19:58","2026-05-31","1899-12-31 15:45:00",45
"Sarah","2026-06-08 03:19:58","2026-05-31","1899-12-31 15:50:00",179
"Sarah","2026-06-08 03:19:58","2026-05-31","1899-12-31 15:55:00",120
"Sarah","2026-06-08 03:19:58","2026-05-31","1899-12-31 16:00:00",200
"Sarah","2026-06-08 03:19:58","2026-05-31","1899-12-31 16:05:00",1
"Sarah","2026-06-08 03:19:58","2026-05-31","1899-12-31 16:45:00",36
"Sarah","2026-06-08 03:19:58","2026-05-31","1899-12-31 16:55:00",104
"Sarah","2026-06-08 03:19:58","2026-05-31","1899-12-31 17:00:00",137
"Sarah","2026-06-08 03:19:58","2026-05-31","1899-12-31 17:05:00",39
"Sarah","2026-06-08 03:19:58","2026-05-31","1899-12-31 17:10:00",90
"Sarah","2026-06-08 03:19:58","2026-05-31","1899-12-31 17:15:00",115
"Sarah","2026-06-08 03:19:58","2026-05-31","1899-12-31 17:20:00",96
"Sarah","2026-06-08 03:19:58","2026-05-31","1899-12-31 17:35:00",41
"Sarah","2026-06-08 03:19:58","2026-05-31","1899-12-31 17:40:00",114
"Sarah","2026-06-08 03:19:58","2026-05-31","1899-12-31 17:45:00",164
"Sarah","2026-06-08 03:19:58","2026-05-31","1899-12-31 17:50:00",225
"Sarah","2026-06-08 03:19:58","2026-05-31","1899-12-31 17:55:00",82
"Sarah","2026-06-08 03:19:58","2026-05-31","1899-12-31 18:00:00",97
"Sarah","2026-06-08 03:19:58","2026-05-31","1899-12-31 18:05:00",160
"Sarah","2026-06-08 03:19:58","2026-05-31","1899-12-31 18:10:00",54
"Sarah","2026-06-08 03:19:58","2026-05-31","1899-12-31 18:15:00",6
"Sarah","2026-06-08 03:19:58","2026-05-31","1899-12-31 18:25:00",13
"Sarah","2026-06-08 03:19:58","2026-05-31","1899-12-31 18:30:00",13
"Sarah","2026-06-08 03:19:58","2026-05-31","1899-12-31 18:35:00",109
"Sarah","2026-06-08 03:19:58","2026-05-31","1899-12-31 18:40:00",93
"Sarah","2026-06-08 03:19:58","2026-05-31","1899-12-31 18:45:00",113
"Sarah","2026-06-08 03:19:58","2026-05-31","1899-12-31 18:50:00",4
"Sarah","2026-06-08 03:19:58","2026-05-31","1899-12-31 18:55:00",57
"Sarah","2026-06-08 03:19:58","2026-05-31","1899-12-31 19:00:00",6
"Sarah","2026-06-08 03:19:58","2026-05-31","1899-12-31 19:05:00",11
"Sarah","2026-06-08 03:19:58","2026-05-31","1899-12-31 19:10:00",20
"Sarah","2026-06-08 03:19:58","2026-05-31","1899-12-31 19:15:00",140
"Sarah","2026-06-08 03:19:58","2026-05-31","1899-12-31 19:20:00",184
"Sarah","2026-06-08 03:19:58","2026-05-31","1899-12-31 19:25:00",201
"Sarah","2026-06-08 03:19:58","2026-05-31","1899-12-31 19:30:00",19
"Sarah","2026-06-08 03:19:58","2026-05-31","1899-12-31 19:40:00",56
"Sarah","2026-06-08 03:19:58","2026-05-31","1899-12-31 19:45:00",106
"Sarah","2026-06-08 03:19:58","2026-05-31","1899-12-31 19:50:00",87
"Sarah","2026-06-08 03:19:58","2026-05-31","1899-12-31 19:55:00",146
"Sarah","2026-06-08 03:19:58","2026-05-31","1899-12-31 20:50:00",8
"Sarah","2026-06-08 03:19:58","2026-05-31","1899-12-31 21:00:00",79
"Sarah","2026-06-08 03:19:58","2026-05-31","1899-12-31 21:05:00",152
"Sarah","2026-06-08 03:19:58","2026-05-31","1899-12-31 21:15:00",9
"Sarah","2026-06-08 03:19:58","2026-05-31","1899-12-31 21:40:00",32
"Sarah","2026-06-08 03:19:58","2026-05-31","1899-12-31 21:45:00",38
"Sarah","2026-06-08 03:19:58","2026-05-31","1899-12-31 21:50:00",7
"Sarah","2026-06-08 03:19:58","2026-05-31","1899-12-31 22:40:00",8
"Sarah","2026-06-08 03:19:58","2026-05-31","1899-12-31 22:55:00",59
"Sarah","2026-06-08 03:19:58","2026-05-31","1899-12-31 23:05:00",35
"Sarah","2026-06-08 03:20:21","2026-06-01","1899-12-31 00:45:00",8
"Sarah","2026-06-08 03:20:21","2026-06-01","1899-12-31 00:50:00",81
"Sarah","2026-06-08 03:20:21","2026-06-01","1899-12-31 01:05:00",7
"Sarah","2026-06-08 03:20:21","2026-06-01","1899-12-31 01:25:00",91
"Sarah","2026-06-08 03:20:21","2026-06-01","1899-12-31 01:30:00",17
"Sarah","2026-06-08 03:20:21","2026-06-01","1899-12-31 05:45:00",34
"Sarah","2026-06-08 03:20:21","2026-06-01","1899-12-31 05:50:00",120
"Sarah","2026-06-08 03:20:21","2026-06-01","1899-12-31 05:55:00",16
"Sarah","2026-06-08 03:20:21","2026-06-01","1899-12-31 06:05:00",16
"Sarah","2026-06-08 03:20:21","2026-06-01","1899-12-31 06:10:00",8
"Sarah","2026-06-08 03:20:21","2026-06-01","1899-12-31 06:15:00",42
"Sarah","2026-06-08 03:20:21","2026-06-01","1899-12-31 07:10:00",6
"Sarah","2026-06-08 03:20:21","2026-06-01","1899-12-31 07:35:00",110
"Sarah","2026-06-08 03:20:21","2026-06-01","1899-12-31 07:40:00",152
"Sarah","2026-06-08 03:20:21","2026-06-01","1899-12-31 08:15:00",6
"Sarah","2026-06-08 03:20:21","2026-06-01","1899-12-31 08:20:00",67
"Sarah","2026-06-08 03:20:21","2026-06-01","1899-12-31 08:25:00",42
"Sarah","2026-06-08 03:20:21","2026-06-01","1899-12-31 08:30:00",69
"Sarah","2026-06-08 03:20:21","2026-06-01","1899-12-31 09:00:00",32
"Sarah","2026-06-08 03:20:21","2026-06-01","1899-12-31 09:05:00",10
"Sarah","2026-06-08 03:20:21","2026-06-01","1899-12-31 09:10:00",7
"Sarah","2026-06-08 03:20:21","2026-06-01","1899-12-31 09:15:00",30
"Sarah","2026-06-08 03:20:21","2026-06-01","1899-12-31 09:25:00",15
"Sarah","2026-06-08 03:20:21","2026-06-01","1899-12-31 11:20:00",31
"Sarah","2026-06-08 03:20:21","2026-06-01","1899-12-31 11:25:00",48
"Sarah","2026-06-08 03:20:21","2026-06-01","1899-12-31 11:35:00",16
"Sarah","2026-06-08 03:20:21","2026-06-01","1899-12-31 11:40:00",25
"Sarah","2026-06-08 03:20:21","2026-06-01","1899-12-31 12:00:00",67
"Sarah","2026-06-08 03:20:21","2026-06-01","1899-12-31 12:05:00",61
"Sarah","2026-06-08 03:20:21","2026-06-01","1899-12-31 12:25:00",27
"Sarah","2026-06-08 03:20:21","2026-06-01","1899-12-31 13:30:00",10
"Sarah","2026-06-08 03:20:21","2026-06-01","1899-12-31 14:10:00",35
"Sarah","2026-06-08 03:20:21","2026-06-01","1899-12-31 14:15:00",351
"Sarah","2026-06-08 03:20:21","2026-06-01","1899-12-31 14:20:00",601
"Sarah","2026-06-08 03:20:21","2026-06-01","1899-12-31 14:25:00",449
"Sarah","2026-06-08 03:20:21","2026-06-01","1899-12-31 14:30:00",127
"Sarah","2026-06-08 03:20:21","2026-06-01","1899-12-31 14:35:00",277
"Sarah","2026-06-08 03:20:21","2026-06-01","1899-12-31 14:40:00",554
"Sarah","2026-06-08 03:20:21","2026-06-01","1899-12-31 14:45:00",372
"Sarah","2026-06-08 03:20:21","2026-06-01","1899-12-31 14:50:00",12
"Sarah","2026-06-08 03:20:21","2026-06-01","1899-12-31 14:55:00",87
"Sarah","2026-06-08 03:20:21","2026-06-01","1899-12-31 15:00:00",8
"Sarah","2026-06-08 03:20:21","2026-06-01","1899-12-31 15:10:00",19
"Sarah","2026-06-08 03:20:21","2026-06-01","1899-12-31 15:15:00",85
"Sarah","2026-06-08 03:20:21","2026-06-01","1899-12-31 15:20:00",13
"Sarah","2026-06-08 03:20:21","2026-06-01","1899-12-31 15:25:00",387
"Sarah","2026-06-08 03:20:21","2026-06-01","1899-12-31 15:30:00",273
"Sarah","2026-06-08 03:20:21","2026-06-01","1899-12-31 15:35:00",52
"Sarah","2026-06-08 03:20:21","2026-06-01","1899-12-31 15:40:00",12
"Sarah","2026-06-08 03:20:21","2026-06-01","1899-12-31 16:10:00",96
"Sarah","2026-06-08 03:20:21","2026-06-01","1899-12-31 16:15:00",43
"Sarah","2026-06-08 03:20:21","2026-06-01","1899-12-31 16:25:00",61
"Sarah","2026-06-08 03:20:21","2026-06-01","1899-12-31 16:45:00",22
"Sarah","2026-06-08 03:20:21","2026-06-01","1899-12-31 16:50:00",53
"Sarah","2026-06-08 03:20:21","2026-06-01","1899-12-31 16:55:00",30
"Sarah","2026-06-08 03:20:21","2026-06-01","1899-12-31 17:15:00",7
"Sarah","2026-06-08 03:20:21","2026-06-01","1899-12-31 17:20:00",6
"Sarah","2026-06-08 03:20:21","2026-06-01","1899-12-31 17:45:00",16
"Sarah","2026-06-08 03:20:21","2026-06-01","1899-12-31 17:50:00",20
"Sarah","2026-06-08 03:20:21","2026-06-01","1899-12-31 18:10:00",236
"Sarah","2026-06-08 03:20:21","2026-06-01","1899-12-31 18:15:00",534
"Sarah","2026-06-08 03:20:21","2026-06-01","1899-12-31 18:20:00",295
"Sarah","2026-06-08 03:20:21","2026-06-01","1899-12-31 18:25:00",12
"Sarah","2026-06-08 03:20:21","2026-06-01","1899-12-31 18:50:00",10
"Sarah","2026-06-08 03:20:21","2026-06-01","1899-12-31 18:55:00",30
"Sarah","2026-06-08 03:20:21","2026-06-01","1899-12-31 19:00:00",8
"Sarah","2026-06-08 03:20:21","2026-06-01","1899-12-31 19:10:00",10
"Sarah","2026-06-08 03:20:21","2026-06-01","1899-12-31 19:25:00",26
"Sarah","2026-06-08 03:20:21","2026-06-01","1899-12-31 19:30:00",47
"Sarah","2026-06-08 03:20:21","2026-06-01","1899-12-31 19:35:00",204
"Sarah","2026-06-08 03:20:21","2026-06-01","1899-12-31 19:40:00",81
"Sarah","2026-06-08 03:20:21","2026-06-01","1899-12-31 20:00:00",154
"Sarah","2026-06-08 03:20:21","2026-06-01","1899-12-31 20:15:00",32
"Sarah","2026-06-08 03:20:21","2026-06-01","1899-12-31 20:20:00",54
"Sarah","2026-06-08 03:20:21","2026-06-01","1899-12-31 20:25:00",97
"Sarah","2026-06-08 03:20:21","2026-06-01","1899-12-31 20:30:00",71
"Sarah","2026-06-08 03:20:21","2026-06-01","1899-12-31 20:35:00",193
"Sarah","2026-06-08 03:20:21","2026-06-01","1899-12-31 20:40:00",266
"Sarah","2026-06-08 03:20:21","2026-06-01","1899-12-31 20:45:00",175
"Sarah","2026-06-08 03:20:21","2026-06-01","1899-12-31 20:50:00",29
"Sarah","2026-06-08 03:20:21","2026-06-01","1899-12-31 20:55:00",148
"Sarah","2026-06-08 03:20:21","2026-06-01","1899-12-31 21:00:00",127
"Sarah","2026-06-08 03:20:21","2026-06-01","1899-12-31 21:05:00",33
"Sarah","2026-06-08 03:20:21","2026-06-01","1899-12-31 21:10:00",99
"Sarah","2026-06-08 03:20:21","2026-06-01","1899-12-31 21:15:00",81
"Sarah","2026-06-08 03:20:21","2026-06-01","1899-12-31 21:20:00",114
"Sarah","2026-06-08 03:20:21","2026-06-01","1899-12-31 21:25:00",16
"Sarah","2026-06-08 03:20:21","2026-06-01","1899-12-31 21:30:00",88
"Sarah","2026-06-08 03:20:21","2026-06-01","1899-12-31 21:35:00",118
"Sarah","2026-06-08 03:20:21","2026-06-01","1899-12-31 21:40:00",69
"Sarah","2026-06-08 03:20:21","2026-06-01","1899-12-31 21:45:00",103
"Sarah","2026-06-08 03:20:21","2026-06-01","1899-12-31 21:50:00",90
"Sarah","2026-06-08 03:20:21","2026-06-01","1899-12-31 21:55:00",121
"Sarah","2026-06-08 03:20:21","2026-06-01","1899-12-31 22:00:00",67
"Sarah","2026-06-08 03:20:21","2026-06-01","1899-12-31 22:05:00",80
"Sarah","2026-06-08 03:20:21","2026-06-01","1899-12-31 22:10:00",59
"Sarah","2026-06-08 03:20:21","2026-06-01","1899-12-31 22:15:00",24
"Sarah","2026-06-08 03:20:21","2026-06-01","1899-12-31 22:20:00",49
"Sarah","2026-06-08 03:20:21","2026-06-01","1899-12-31 22:25:00",195
"Sarah","2026-06-08 03:20:21","2026-06-01","1899-12-31 22:30:00",59
"Sarah","2026-06-08 03:20:21","2026-06-01","1899-12-31 22:35:00",116
"Sarah","2026-06-08 03:20:21","2026-06-01","1899-12-31 22:40:00",187
"Sarah","2026-06-08 03:20:21","2026-06-01","1899-12-31 22:45:00",146
"Sarah","2026-06-08 03:20:21","2026-06-01","1899-12-31 22:50:00",179
"Sarah","2026-06-08 03:20:21","2026-06-01","1899-12-31 22:55:00",72
"Sarah","2026-06-08 03:20:21","2026-06-01","1899-12-31 23:00:00",25
"Sarah","2026-06-08 03:21:29","2026-06-02","1899-12-31 00:20:00",10
"Sarah","2026-06-08 03:21:29","2026-06-02","1899-12-31 01:40:00",56
"Sarah","2026-06-08 03:21:29","2026-06-02","1899-12-31 01:45:00",32
"Sarah","2026-06-08 03:21:29","2026-06-02","1899-12-31 03:15:00",6
"Sarah","2026-06-08 03:21:29","2026-06-02","1899-12-31 05:55:00",83
"Sarah","2026-06-08 03:21:29","2026-06-02","1899-12-31 09:05:00",15
"Sarah","2026-06-08 03:21:29","2026-06-02","1899-12-31 09:10:00",18
"Sarah","2026-06-08 03:21:29","2026-06-02","1899-12-31 09:15:00",5
"Sarah","2026-06-08 03:21:29","2026-06-02","1899-12-31 09:20:00",26
"Sarah","2026-06-08 03:21:29","2026-06-02","1899-12-31 09:25:00",40
"Sarah","2026-06-08 03:21:29","2026-06-02","1899-12-31 09:30:00",11
"Sarah","2026-06-08 03:21:29","2026-06-02","1899-12-31 09:35:00",63
"Sarah","2026-06-08 03:21:29","2026-06-02","1899-12-31 09:40:00",19
"Sarah","2026-06-08 03:21:29","2026-06-02","1899-12-31 09:45:00",47
"Sarah","2026-06-08 03:21:29","2026-06-02","1899-12-31 10:20:00",12
"Sarah","2026-06-08 03:21:29","2026-06-02","1899-12-31 10:45:00",4
"Sarah","2026-06-08 03:21:29","2026-06-02","1899-12-31 11:25:00",75
"Sarah","2026-06-08 03:21:29","2026-06-02","1899-12-31 11:30:00",280
"Sarah","2026-06-08 03:21:29","2026-06-02","1899-12-31 11:35:00",175
"Sarah","2026-06-08 03:21:29","2026-06-02","1899-12-31 11:40:00",48
"Sarah","2026-06-08 03:21:29","2026-06-02","1899-12-31 12:00:00",8
"Sarah","2026-06-08 03:21:29","2026-06-02","1899-12-31 12:45:00",95
"Sarah","2026-06-08 03:21:29","2026-06-02","1899-12-31 12:50:00",71
"Sarah","2026-06-08 03:21:29","2026-06-02","1899-12-31 12:55:00",77
"Sarah","2026-06-08 03:21:29","2026-06-02","1899-12-31 13:00:00",42
"Sarah","2026-06-08 03:21:29","2026-06-02","1899-12-31 13:05:00",95
"Sarah","2026-06-08 03:21:29","2026-06-02","1899-12-31 13:10:00",106
"Sarah","2026-06-08 03:21:29","2026-06-02","1899-12-31 13:15:00",64
"Sarah","2026-06-08 03:21:29","2026-06-02","1899-12-31 13:40:00",8
"Sarah","2026-06-08 03:21:29","2026-06-02","1899-12-31 14:10:00",6
"Sarah","2026-06-08 03:21:29","2026-06-02","1899-12-31 14:30:00",69
"Sarah","2026-06-08 03:21:29","2026-06-02","1899-12-31 14:35:00",134
"Sarah","2026-06-08 03:21:29","2026-06-02","1899-12-31 14:40:00",197
"Sarah","2026-06-08 03:21:29","2026-06-02","1899-12-31 14:45:00",218
"Sarah","2026-06-08 03:21:29","2026-06-02","1899-12-31 14:50:00",19
"Sarah","2026-06-08 03:21:29","2026-06-02","1899-12-31 15:35:00",7
"Sarah","2026-06-08 03:21:29","2026-06-02","1899-12-31 16:15:00",9
"Sarah","2026-06-08 03:21:29","2026-06-02","1899-12-31 16:20:00",159
"Sarah","2026-06-08 03:21:29","2026-06-02","1899-12-31 16:25:00",44
"Sarah","2026-06-08 03:21:29","2026-06-02","1899-12-31 16:30:00",169
"Sarah","2026-06-08 03:21:29","2026-06-02","1899-12-31 16:35:00",373
"Sarah","2026-06-08 03:21:29","2026-06-02","1899-12-31 16:40:00",345
"Sarah","2026-06-08 03:21:29","2026-06-02","1899-12-31 16:45:00",49
"Sarah","2026-06-08 03:21:29","2026-06-02","1899-12-31 16:50:00",237
"Sarah","2026-06-08 03:21:29","2026-06-02","1899-12-31 16:55:00",512
"Sarah","2026-06-08 03:21:29","2026-06-02","1899-12-31 17:00:00",34
"Sarah","2026-06-08 03:21:29","2026-06-02","1899-12-31 17:10:00",137
"Sarah","2026-06-08 03:21:29","2026-06-02","1899-12-31 17:15:00",51
"Sarah","2026-06-08 03:21:29","2026-06-02","1899-12-31 17:20:00",333
"Sarah","2026-06-08 03:21:29","2026-06-02","1899-12-31 17:25:00",97
"Sarah","2026-06-08 03:21:29","2026-06-02","1899-12-31 17:30:00",81
"Sarah","2026-06-08 03:21:29","2026-06-02","1899-12-31 17:35:00",170
"Sarah","2026-06-08 03:21:29","2026-06-02","1899-12-31 17:40:00",147
"Sarah","2026-06-08 03:21:29","2026-06-02","1899-12-31 17:45:00",75
"Sarah","2026-06-08 03:21:29","2026-06-02","1899-12-31 17:50:00",91
"Sarah","2026-06-08 03:21:29","2026-06-02","1899-12-31 17:55:00",116
"Sarah","2026-06-08 03:21:29","2026-06-02","1899-12-31 18:00:00",180
"Sarah","2026-06-08 03:21:29","2026-06-02","1899-12-31 18:05:00",138
"Sarah","2026-06-08 03:21:29","2026-06-02","1899-12-31 18:10:00",27
"Sarah","2026-06-08 03:21:29","2026-06-02","1899-12-31 18:15:00",106
"Sarah","2026-06-08 03:21:29","2026-06-02","1899-12-31 18:20:00",11
"Sarah","2026-06-08 03:21:29","2026-06-02","1899-12-31 18:25:00",272
"Sarah","2026-06-08 03:21:29","2026-06-02","1899-12-31 18:30:00",235
"Sarah","2026-06-08 03:21:29","2026-06-02","1899-12-31 18:35:00",427
"Sarah","2026-06-08 03:21:29","2026-06-02","1899-12-31 18:40:00",236
"Sarah","2026-06-08 03:21:29","2026-06-02","1899-12-31 18:45:00",348
"Sarah","2026-06-08 03:21:29","2026-06-02","1899-12-31 18:50:00",61
"Sarah","2026-06-08 03:21:29","2026-06-02","1899-12-31 18:55:00",166
"Sarah","2026-06-08 03:21:29","2026-06-02","1899-12-31 19:00:00",151
"Sarah","2026-06-08 03:21:29","2026-06-02","1899-12-31 19:05:00",110
"Sarah","2026-06-08 03:21:29","2026-06-02","1899-12-31 19:10:00",62
"Sarah","2026-06-08 03:21:29","2026-06-02","1899-12-31 19:15:00",160
"Sarah","2026-06-08 03:21:29","2026-06-02","1899-12-31 19:20:00",246
"Sarah","2026-06-08 03:21:29","2026-06-02","1899-12-31 19:25:00",33
"Sarah","2026-06-08 03:21:29","2026-06-02","1899-12-31 20:15:00",5
"Sarah","2026-06-08 03:21:29","2026-06-02","1899-12-31 20:45:00",49
"Sarah","2026-06-08 03:21:29","2026-06-02","1899-12-31 20:50:00",68
"Sarah","2026-06-08 03:21:29","2026-06-02","1899-12-31 21:35:00",121
"Sarah","2026-06-08 03:21:29","2026-06-02","1899-12-31 21:40:00",71
"Sarah","2026-06-08 03:21:29","2026-06-02","1899-12-31 21:45:00",14
"Sarah","2026-06-08 03:21:29","2026-06-02","1899-12-31 21:50:00",49
"Sarah","2026-06-08 03:21:29","2026-06-02","1899-12-31 22:05:00",47
"Sarah","2026-06-08 03:21:29","2026-06-02","1899-12-31 22:40:00",126
"Sarah","2026-06-08 03:21:29","2026-06-02","1899-12-31 22:45:00",64
"Sarah","2026-06-08 03:21:29","2026-06-02","1899-12-31 23:05:00",145
"Sarah","2026-06-08 03:21:29","2026-06-02","1899-12-31 23:10:00",685
"Sarah","2026-06-08 03:21:29","2026-06-02","1899-12-31 23:15:00",119
"Sarah","2026-06-08 03:21:29","2026-06-02","1899-12-31 23:40:00",9
"Sarah","2026-06-08 03:21:29","2026-06-02","1899-12-31 23:45:00",290
"Sarah","2026-06-08 03:21:29","2026-06-02","1899-12-31 23:50:00",58
"Sarah","2026-06-08 03:28:03","2026-06-03","1899-12-31 00:15:00",89
"Sarah","2026-06-08 03:28:03","2026-06-03","1899-12-31 00:20:00",446
"Sarah","2026-06-08 03:28:03","2026-06-03","1899-12-31 00:25:00",340
"Sarah","2026-06-08 03:28:03","2026-06-03","1899-12-31 00:30:00",268
"Sarah","2026-06-08 03:28:03","2026-06-03","1899-12-31 00:35:00",321
"Sarah","2026-06-08 03:28:03","2026-06-03","1899-12-31 00:40:00",360
"Sarah","2026-06-08 03:28:03","2026-06-03","1899-12-31 00:45:00",115
"Sarah","2026-06-08 03:28:03","2026-06-03","1899-12-31 02:45:00",6
"Sarah","2026-06-08 03:28:03","2026-06-03","1899-12-31 04:55:00",4
"Sarah","2026-06-08 03:28:03","2026-06-03","1899-12-31 05:30:00",35
"Sarah","2026-06-08 03:28:03","2026-06-03","1899-12-31 05:35:00",99
"Sarah","2026-06-08 03:28:03","2026-06-03","1899-12-31 05:40:00",64
"Sarah","2026-06-08 03:28:03","2026-06-03","1899-12-31 05:45:00",48
"Sarah","2026-06-08 03:28:03","2026-06-03","1899-12-31 05:50:00",67
"Sarah","2026-06-08 03:28:03","2026-06-03","1899-12-31 05:55:00",52
"Sarah","2026-06-08 03:28:03","2026-06-03","1899-12-31 06:00:00",99
"Sarah","2026-06-08 03:28:03","2026-06-03","1899-12-31 06:05:00",94
"Sarah","2026-06-08 03:28:03","2026-06-03","1899-12-31 06:10:00",34
"Sarah","2026-06-08 03:28:03","2026-06-03","1899-12-31 06:15:00",202
"Sarah","2026-06-08 03:28:03","2026-06-03","1899-12-31 06:20:00",284
"Sarah","2026-06-08 03:28:03","2026-06-03","1899-12-31 06:25:00",525
"Sarah","2026-06-08 03:28:03","2026-06-03","1899-12-31 06:30:00",519
"Sarah","2026-06-08 03:28:03","2026-06-03","1899-12-31 06:45:00",6
"Sarah","2026-06-08 03:28:03","2026-06-03","1899-12-31 06:50:00",12
"Sarah","2026-06-08 03:28:03","2026-06-03","1899-12-31 06:55:00",44
"Sarah","2026-06-08 03:28:03","2026-06-03","1899-12-31 07:00:00",300
"Sarah","2026-06-08 03:28:03","2026-06-03","1899-12-31 07:05:00",573
"Sarah","2026-06-08 03:28:03","2026-06-03","1899-12-31 07:10:00",386
"Sarah","2026-06-08 03:28:03","2026-06-03","1899-12-31 07:15:00",71
"Sarah","2026-06-08 03:28:03","2026-06-03","1899-12-31 07:20:00",295
"Sarah","2026-06-08 03:28:03","2026-06-03","1899-12-31 07:25:00",273
"Sarah","2026-06-08 03:28:03","2026-06-03","1899-12-31 07:30:00",49
"Sarah","2026-06-08 03:28:03","2026-06-03","1899-12-31 07:35:00",6
"Sarah","2026-06-08 03:28:03","2026-06-03","1899-12-31 07:40:00",4
"Sarah","2026-06-08 03:28:03","2026-06-03","1899-12-31 07:50:00",138
"Sarah","2026-06-08 03:28:03","2026-06-03","1899-12-31 07:55:00",173
"Sarah","2026-06-08 03:28:03","2026-06-03","1899-12-31 08:05:00",318
"Sarah","2026-06-08 03:28:03","2026-06-03","1899-12-31 08:10:00",14
"Sarah","2026-06-08 03:28:03","2026-06-03","1899-12-31 08:15:00",8
"Sarah","2026-06-08 03:28:03","2026-06-03","1899-12-31 08:30:00",323
"Sarah","2026-06-08 03:28:03","2026-06-03","1899-12-31 08:35:00",16
"Sarah","2026-06-08 03:28:03","2026-06-03","1899-12-31 08:40:00",4
"Sarah","2026-06-08 03:28:03","2026-06-03","1899-12-31 08:50:00",37
"Sarah","2026-06-08 03:28:03","2026-06-03","1899-12-31 08:55:00",5
"Sarah","2026-06-08 03:28:03","2026-06-03","1899-12-31 09:00:00",49
"Sarah","2026-06-08 03:28:03","2026-06-03","1899-12-31 09:05:00",6
"Sarah","2026-06-08 03:28:03","2026-06-03","1899-12-31 09:10:00",166
"Sarah","2026-06-08 03:28:03","2026-06-03","1899-12-31 09:15:00",23
"Sarah","2026-06-08 03:28:03","2026-06-03","1899-12-31 09:20:00",48
"Sarah","2026-06-08 03:28:03","2026-06-03","1899-12-31 09:25:00",106
"Sarah","2026-06-08 03:28:03","2026-06-03","1899-12-31 09:30:00",21
"Sarah","2026-06-08 03:28:03","2026-06-03","1899-12-31 09:35:00",32
"Sarah","2026-06-08 03:28:03","2026-06-03","1899-12-31 09:40:00",17
"Sarah","2026-06-08 03:28:03","2026-06-03","1899-12-31 09:45:00",16
"Sarah","2026-06-08 03:28:03","2026-06-03","1899-12-31 09:50:00",39
"Sarah","2026-06-08 03:28:03","2026-06-03","1899-12-31 09:55:00",155
"Sarah","2026-06-08 03:28:03","2026-06-03","1899-12-31 10:00:00",65
"Sarah","2026-06-08 03:28:03","2026-06-03","1899-12-31 10:30:00",11
"Sarah","2026-06-08 03:28:03","2026-06-03","1899-12-31 11:00:00",93
"Sarah","2026-06-08 03:28:03","2026-06-03","1899-12-31 11:05:00",312
"Sarah","2026-06-08 03:28:03","2026-06-03","1899-12-31 11:10:00",310
"Sarah","2026-06-08 03:28:03","2026-06-03","1899-12-31 11:15:00",295
"Sarah","2026-06-08 03:28:03","2026-06-03","1899-12-31 11:20:00",373
"Sarah","2026-06-08 03:28:03","2026-06-03","1899-12-31 11:25:00",60
"Sarah","2026-06-08 03:28:03","2026-06-03","1899-12-31 11:45:00",8
"Sarah","2026-06-08 03:28:03","2026-06-03","1899-12-31 11:55:00",39
"Sarah","2026-06-08 03:28:03","2026-06-03","1899-12-31 12:00:00",76
"Sarah","2026-06-08 03:28:03","2026-06-03","1899-12-31 12:15:00",11
"Sarah","2026-06-08 03:28:03","2026-06-03","1899-12-31 12:20:00",53
"Sarah","2026-06-08 03:28:03","2026-06-03","1899-12-31 12:40:00",122
"Sarah","2026-06-08 03:28:03","2026-06-03","1899-12-31 13:00:00",11
"Sarah","2026-06-08 03:28:03","2026-06-03","1899-12-31 13:10:00",12
"Sarah","2026-06-08 03:28:03","2026-06-03","1899-12-31 13:20:00",58
"Sarah","2026-06-08 03:28:03","2026-06-03","1899-12-31 13:35:00",14
"Sarah","2026-06-08 03:28:03","2026-06-03","1899-12-31 13:45:00",28
"Sarah","2026-06-08 03:28:03","2026-06-03","1899-12-31 13:50:00",19
"Sarah","2026-06-08 03:28:03","2026-06-03","1899-12-31 14:00:00",143
"Sarah","2026-06-08 03:28:03","2026-06-03","1899-12-31 14:05:00",176
"Sarah","2026-06-08 03:28:03","2026-06-03","1899-12-31 14:10:00",130
"Sarah","2026-06-08 03:28:03","2026-06-03","1899-12-31 14:15:00",140
"Sarah","2026-06-08 03:28:03","2026-06-03","1899-12-31 14:20:00",131
"Sarah","2026-06-08 03:28:03","2026-06-03","1899-12-31 14:25:00",8
"Sarah","2026-06-08 03:28:03","2026-06-03","1899-12-31 14:30:00",26
"Sarah","2026-06-08 03:28:03","2026-06-03","1899-12-31 14:35:00",8
"Sarah","2026-06-08 03:28:03","2026-06-03","1899-12-31 14:55:00",323
"Sarah","2026-06-08 03:28:03","2026-06-03","1899-12-31 15:00:00",325
"Sarah","2026-06-08 03:28:03","2026-06-03","1899-12-31 15:05:00",223
"Sarah","2026-06-08 03:28:03","2026-06-03","1899-12-31 15:20:00",222
"Sarah","2026-06-08 03:28:03","2026-06-03","1899-12-31 15:25:00",118
"Sarah","2026-06-08 03:28:03","2026-06-03","1899-12-31 15:30:00",361
"Sarah","2026-06-08 03:28:03","2026-06-03","1899-12-31 15:35:00",175
"Sarah","2026-06-08 03:28:03","2026-06-03","1899-12-31 15:40:00",7
"Sarah","2026-06-08 03:28:03","2026-06-03","1899-12-31 15:45:00",64
"Sarah","2026-06-08 03:28:03","2026-06-03","1899-12-31 15:55:00",124
"Sarah","2026-06-08 03:28:03","2026-06-03","1899-12-31 16:00:00",547
"Sarah","2026-06-08 03:28:03","2026-06-03","1899-12-31 16:05:00",260
"Sarah","2026-06-08 03:28:03","2026-06-03","1899-12-31 16:20:00",31
"Sarah","2026-06-08 03:28:03","2026-06-03","1899-12-31 16:25:00",164
"Sarah","2026-06-08 03:28:03","2026-06-03","1899-12-31 16:30:00",489
"Sarah","2026-06-08 03:28:03","2026-06-03","1899-12-31 16:35:00",477
"Sarah","2026-06-08 03:28:03","2026-06-03","1899-12-31 16:40:00",431
"Sarah","2026-06-08 03:28:03","2026-06-03","1899-12-31 16:45:00",318
"Sarah","2026-06-08 03:28:03","2026-06-03","1899-12-31 16:50:00",119
"Sarah","2026-06-08 03:28:03","2026-06-03","1899-12-31 16:55:00",86
"Sarah","2026-06-08 03:28:03","2026-06-03","1899-12-31 17:00:00",85
"Sarah","2026-06-08 03:28:03","2026-06-03","1899-12-31 17:05:00",8
"Sarah","2026-06-08 03:28:03","2026-06-03","1899-12-31 17:35:00",22
"Sarah","2026-06-08 03:28:03","2026-06-03","1899-12-31 17:40:00",45
"Sarah","2026-06-08 03:28:03","2026-06-03","1899-12-31 18:20:00",98
"Sarah","2026-06-08 03:28:03","2026-06-03","1899-12-31 18:25:00",95
"Sarah","2026-06-08 03:28:03","2026-06-03","1899-12-31 20:15:00",31
"Sarah","2026-06-08 03:28:03","2026-06-03","1899-12-31 20:20:00",123
"Sarah","2026-06-08 03:28:03","2026-06-03","1899-12-31 20:25:00",211
"Sarah","2026-06-08 03:28:03","2026-06-03","1899-12-31 20:30:00",74
"Sarah","2026-06-08 03:28:03","2026-06-03","1899-12-31 20:35:00",92
"Sarah","2026-06-08 03:28:03","2026-06-03","1899-12-31 20:40:00",109
"Sarah","2026-06-08 03:28:03","2026-06-03","1899-12-31 20:50:00",14
"Sarah","2026-06-08 03:28:03","2026-06-03","1899-12-31 20:55:00",29
"Sarah","2026-06-08 03:28:03","2026-06-03","1899-12-31 21:00:00",54
"Sarah","2026-06-08 03:28:03","2026-06-03","1899-12-31 21:05:00",25
"Sarah","2026-06-08 03:28:03","2026-06-03","1899-12-31 21:10:00",41
"Sarah","2026-06-08 03:28:03","2026-06-03","1899-12-31 21:15:00",65
"Sarah","2026-06-08 03:28:03","2026-06-03","1899-12-31 21:20:00",62
"Sarah","2026-06-08 03:28:03","2026-06-03","1899-12-31 21:25:00",197
"Sarah","2026-06-08 03:28:03","2026-06-03","1899-12-31 21:30:00",81
"Sarah","2026-06-08 03:28:03","2026-06-03","1899-12-31 21:35:00",127
"Sarah","2026-06-08 03:28:03","2026-06-03","1899-12-31 21:40:00",223
"Sarah","2026-06-08 03:28:03","2026-06-03","1899-12-31 21:45:00",49
"Sarah","2026-06-08 03:28:03","2026-06-03","1899-12-31 22:20:00",104
"Sarah","2026-06-08 03:28:03","2026-06-03","1899-12-31 22:25:00",193
"Sarah","2026-06-08 03:28:03","2026-06-03","1899-12-31 22:30:00",44
"Sarah","2026-06-08 03:28:03","2026-06-03","1899-12-31 22:35:00",94
"Sarah","2026-06-08 03:28:03","2026-06-03","1899-12-31 22:40:00",35
"Sarah","2026-06-08 03:28:03","2026-06-03","1899-12-31 22:45:00",18
"Sarah","2026-06-08 03:28:03","2026-06-03","1899-12-31 22:50:00",12
"Sarah","2026-06-08 03:28:03","2026-06-03","1899-12-31 22:55:00",59
"Sarah","2026-06-08 03:28:03","2026-06-03","1899-12-31 23:00:00",161
"Sarah","2026-06-08 03:28:03","2026-06-03","1899-12-31 23:05:00",104
"Sarah","2026-06-08 04:05:48","2026-06-04","1899-12-31 02:40:00",97
"Sarah","2026-06-08 04:05:48","2026-06-04","1899-12-31 02:45:00",11
"Sarah","2026-06-08 04:05:48","2026-06-04","1899-12-31 04:05:00",8
"Sarah","2026-06-08 04:05:48","2026-06-04","1899-12-31 07:05:00",8
"Sarah","2026-06-08 04:05:48","2026-06-04","1899-12-31 08:00:00",10
"Sarah","2026-06-08 04:05:48","2026-06-04","1899-12-31 11:35:00",46
"Sarah","2026-06-08 04:05:48","2026-06-04","1899-12-31 11:40:00",61
"Sarah","2026-06-08 04:05:48","2026-06-04","1899-12-31 11:45:00",7
"Sarah","2026-06-08 04:05:48","2026-06-04","1899-12-31 12:00:00",6
"Sarah","2026-06-08 04:05:48","2026-06-04","1899-12-31 12:15:00",33
"Sarah","2026-06-08 04:05:48","2026-06-04","1899-12-31 12:20:00",38
"Sarah","2026-06-08 04:05:48","2026-06-04","1899-12-31 14:45:00",11
"Sarah","2026-06-08 04:05:48","2026-06-04","1899-12-31 14:50:00",71
"Sarah","2026-06-08 04:05:48","2026-06-04","1899-12-31 16:25:00",22
"Sarah","2026-06-08 04:05:48","2026-06-04","1899-12-31 16:30:00",52
"Sarah","2026-06-08 04:05:48","2026-06-04","1899-12-31 16:35:00",81
"Sarah","2026-06-08 04:05:48","2026-06-04","1899-12-31 17:50:00",23
"Sarah","2026-06-08 04:05:48","2026-06-04","1899-12-31 19:05:00",8
"Sarah","2026-06-08 04:05:48","2026-06-04","1899-12-31 19:10:00",14
"Sarah","2026-06-08 04:05:48","2026-06-04","1899-12-31 20:25:00",16
"Sarah","2026-06-08 04:05:48","2026-06-04","1899-12-31 20:30:00",33
"Sarah","2026-06-08 04:05:48","2026-06-04","1899-12-31 20:45:00",149
"Sarah","2026-06-08 04:05:48","2026-06-04","1899-12-31 20:50:00",119
"Sarah","2026-06-08 04:05:48","2026-06-04","1899-12-31 20:55:00",70
"Sarah","2026-06-08 04:05:48","2026-06-04","1899-12-31 21:00:00",43
"Sarah","2026-06-08 04:05:48","2026-06-04","1899-12-31 21:30:00",7
"Sarah","2026-06-08 04:05:48","2026-06-04","1899-12-31 21:35:00",64
"Sarah","2026-06-08 04:05:48","2026-06-04","1899-12-31 23:20:00",112
"Sarah","2026-06-08 04:05:48","2026-06-04","1899-12-31 23:25:00",58
"Sarah","2026-06-08 04:05:48","2026-06-04","1899-12-31 23:35:00",81
"Sarah","2026-06-08 04:10:00","2026-06-05","1899-12-31 01:20:00",5
"Sarah","2026-06-08 04:10:00","2026-06-05","1899-12-31 01:55:00",78
"Sarah","2026-06-08 04:10:00","2026-06-05","1899-12-31 02:00:00",84
"Sarah","2026-06-08 04:10:00","2026-06-05","1899-12-31 06:25:00",57
"Sarah","2026-06-08 04:10:00","2026-06-05","1899-12-31 06:30:00",148
"Sarah","2026-06-08 04:10:00","2026-06-05","1899-12-31 06:35:00",123
"Sarah","2026-06-08 04:10:00","2026-06-05","1899-12-31 06:40:00",7
"Sarah","2026-06-08 04:10:00","2026-06-05","1899-12-31 07:20:00",52
"Sarah","2026-06-08 04:10:00","2026-06-05","1899-12-31 07:25:00",6
"Sarah","2026-06-08 04:10:00","2026-06-05","1899-12-31 07:30:00",403
"Sarah","2026-06-08 04:10:00","2026-06-05","1899-12-31 07:35:00",149
"Sarah","2026-06-08 04:10:00","2026-06-05","1899-12-31 07:40:00",20
"Sarah","2026-06-08 04:10:00","2026-06-05","1899-12-31 07:45:00",68
"Sarah","2026-06-08 04:10:00","2026-06-05","1899-12-31 07:50:00",106
"Sarah","2026-06-08 04:10:00","2026-06-05","1899-12-31 07:55:00",295
"Sarah","2026-06-08 04:10:00","2026-06-05","1899-12-31 08:05:00",73
"Sarah","2026-06-08 04:10:00","2026-06-05","1899-12-31 08:10:00",167
"Sarah","2026-06-08 04:10:00","2026-06-05","1899-12-31 08:15:00",35
"Sarah","2026-06-08 04:10:00","2026-06-05","1899-12-31 08:35:00",33
"Sarah","2026-06-08 04:10:00","2026-06-05","1899-12-31 08:45:00",8
"Sarah","2026-06-08 04:10:00","2026-06-05","1899-12-31 08:50:00",28
"Sarah","2026-06-08 04:10:00","2026-06-05","1899-12-31 08:55:00",69
"Sarah","2026-06-08 04:10:00","2026-06-05","1899-12-31 09:10:00",116
"Sarah","2026-06-08 04:10:00","2026-06-05","1899-12-31 09:20:00",35
"Sarah","2026-06-08 04:10:00","2026-06-05","1899-12-31 09:30:00",8
"Sarah","2026-06-08 04:10:00","2026-06-05","1899-12-31 09:35:00",8
"Sarah","2026-06-08 04:10:00","2026-06-05","1899-12-31 09:45:00",9
"Sarah","2026-06-08 04:10:00","2026-06-05","1899-12-31 09:50:00",21
"Sarah","2026-06-08 04:10:00","2026-06-05","1899-12-31 09:55:00",135
"Sarah","2026-06-08 04:10:00","2026-06-05","1899-12-31 10:15:00",50
"Sarah","2026-06-08 04:10:00","2026-06-05","1899-12-31 10:20:00",267
"Sarah","2026-06-08 04:10:00","2026-06-05","1899-12-31 10:25:00",199
"Sarah","2026-06-08 04:10:00","2026-06-05","1899-12-31 10:30:00",404
"Sarah","2026-06-08 04:10:00","2026-06-05","1899-12-31 10:35:00",271
"Sarah","2026-06-08 04:10:00","2026-06-05","1899-12-31 10:40:00",4
"Sarah","2026-06-08 04:10:00","2026-06-05","1899-12-31 11:15:00",8
"Sarah","2026-06-08 04:10:00","2026-06-05","1899-12-31 11:20:00",62
"Sarah","2026-06-08 04:10:00","2026-06-05","1899-12-31 11:25:00",89
"Sarah","2026-06-08 04:10:00","2026-06-05","1899-12-31 11:50:00",5
"Sarah","2026-06-08 04:10:00","2026-06-05","1899-12-31 12:35:00",113
"Sarah","2026-06-08 04:10:00","2026-06-05","1899-12-31 12:40:00",58
"Sarah","2026-06-08 04:10:00","2026-06-05","1899-12-31 13:25:00",21
"Sarah","2026-06-08 04:10:00","2026-06-05","1899-12-31 13:50:00",127
"Sarah","2026-06-08 04:10:00","2026-06-05","1899-12-31 13:55:00",387
"Sarah","2026-06-08 04:10:00","2026-06-05","1899-12-31 14:00:00",83
"Sarah","2026-06-08 04:10:00","2026-06-05","1899-12-31 14:30:00",4
"Sarah","2026-06-08 04:10:00","2026-06-05","1899-12-31 14:55:00",50
"Sarah","2026-06-08 04:10:00","2026-06-05","1899-12-31 15:00:00",86
"Sarah","2026-06-08 04:10:00","2026-06-05","1899-12-31 15:05:00",8
"Sarah","2026-06-08 04:10:00","2026-06-05","1899-12-31 15:15:00",5
"Sarah","2026-06-08 04:10:00","2026-06-05","1899-12-31 15:20:00",272
"Sarah","2026-06-08 04:10:00","2026-06-05","1899-12-31 15:25:00",29
"Sarah","2026-06-08 04:10:00","2026-06-05","1899-12-31 15:55:00",495
"Sarah","2026-06-08 04:10:00","2026-06-05","1899-12-31 16:00:00",121
"Sarah","2026-06-08 04:10:00","2026-06-05","1899-12-31 16:05:00",22
"Sarah","2026-06-08 04:10:00","2026-06-05","1899-12-31 16:10:00",265
"Sarah","2026-06-08 04:10:00","2026-06-05","1899-12-31 16:15:00",157
"Sarah","2026-06-08 04:10:00","2026-06-05","1899-12-31 16:20:00",181
"Sarah","2026-06-08 04:10:00","2026-06-05","1899-12-31 16:25:00",75
"Sarah","2026-06-08 04:10:00","2026-06-05","1899-12-31 16:30:00",79
"Sarah","2026-06-08 04:10:00","2026-06-05","1899-12-31 16:35:00",234
"Sarah","2026-06-08 04:10:00","2026-06-05","1899-12-31 16:40:00",32
"Sarah","2026-06-08 04:10:00","2026-06-05","1899-12-31 16:45:00",12
"Sarah","2026-06-08 04:10:00","2026-06-05","1899-12-31 16:55:00",291
"Sarah","2026-06-08 04:10:00","2026-06-05","1899-12-31 17:00:00",142
"Sarah","2026-06-08 04:10:00","2026-06-05","1899-12-31 20:00:00",50
"Sarah","2026-06-08 04:10:00","2026-06-05","1899-12-31 20:05:00",65
"Sarah","2026-06-08 04:10:00","2026-06-05","1899-12-31 20:10:00",73
"Sarah","2026-06-08 04:10:00","2026-06-05","1899-12-31 20:15:00",163
"Sarah","2026-06-08 04:10:00","2026-06-05","1899-12-31 20:20:00",122
"Sarah","2026-06-08 04:10:00","2026-06-05","1899-12-31 20:25:00",193
"Sarah","2026-06-08 04:10:00","2026-06-05","1899-12-31 20:30:00",12
"Sarah","2026-06-08 04:10:00","2026-06-05","1899-12-31 21:05:00",36
"Sarah","2026-06-08 04:10:00","2026-06-05","1899-12-31 21:25:00",6
"Sarah","2026-06-08 04:10:00","2026-06-05","1899-12-31 21:30:00",73
"Sarah","2026-06-08 04:10:00","2026-06-05","1899-12-31 21:35:00",45
"Sarah","2026-06-08 04:10:00","2026-06-05","1899-12-31 22:00:00",53
"Sarah","2026-06-08 04:10:00","2026-06-05","1899-12-31 23:00:00",62
"Sarah","2026-06-08 04:10:00","2026-06-05","1899-12-31 23:05:00",29
"Sarah","2026-06-08 04:10:00","2026-06-05","1899-12-31 23:20:00",4
"Sarah","2026-06-08 04:10:00","2026-06-05","1899-12-31 23:30:00",20
"Sarah","2026-06-08 04:10:00","2026-06-05","1899-12-31 23:45:00",54
"Sarah","2026-06-08 04:10:00","2026-06-05","1899-12-31 23:50:00",98
"Sarah","2026-06-08 04:10:00","2026-06-05","1899-12-31 23:55:00",154
"Sarah","2026-06-08 10:26:30","2026-06-06","1899-12-31 03:15:00",7
"Sarah","2026-06-08 10:26:30","2026-06-06","1899-12-31 05:10:00",8
"Sarah","2026-06-08 10:26:30","2026-06-06","1899-12-31 11:25:00",61
"Sarah","2026-06-08 10:26:30","2026-06-06","1899-12-31 11:30:00",54
"Sarah","2026-06-08 10:26:30","2026-06-06","1899-12-31 11:35:00",118
"Sarah","2026-06-08 10:26:30","2026-06-06","1899-12-31 11:40:00",16
"Sarah","2026-06-08 10:26:30","2026-06-06","1899-12-31 13:05:00",43
"Sarah","2026-06-08 10:26:30","2026-06-06","1899-12-31 13:10:00",36
"Sarah","2026-06-08 10:26:30","2026-06-06","1899-12-31 13:30:00",33
"Sarah","2026-06-08 10:26:30","2026-06-06","1899-12-31 13:50:00",7
"Sarah","2026-06-08 10:26:30","2026-06-06","1899-12-31 14:00:00",8
"Sarah","2026-06-08 10:26:30","2026-06-06","1899-12-31 14:05:00",65
"Sarah","2026-06-08 10:26:30","2026-06-06","1899-12-31 14:10:00",74
"Sarah","2026-06-08 10:26:30","2026-06-06","1899-12-31 14:15:00",70
"Sarah","2026-06-08 10:26:30","2026-06-06","1899-12-31 14:25:00",39
"Sarah","2026-06-08 10:26:30","2026-06-06","1899-12-31 14:30:00",2
"Sarah","2026-06-08 10:26:30","2026-06-06","1899-12-31 15:05:00",20
"Sarah","2026-06-08 10:26:30","2026-06-06","1899-12-31 15:10:00",21
"Sarah","2026-06-08 10:26:30","2026-06-06","1899-12-31 15:15:00",6
"Sarah","2026-06-08 10:26:30","2026-06-06","1899-12-31 15:20:00",36
"Sarah","2026-06-08 10:26:30","2026-06-06","1899-12-31 15:25:00",20
"Sarah","2026-06-08 10:26:30","2026-06-06","1899-12-31 15:35:00",18
"Sarah","2026-06-08 10:26:30","2026-06-06","1899-12-31 15:45:00",9
"Sarah","2026-06-08 10:26:30","2026-06-06","1899-12-31 15:50:00",39
"Sarah","2026-06-08 10:26:30","2026-06-06","1899-12-31 15:55:00",11
"Sarah","2026-06-08 10:26:30","2026-06-06","1899-12-31 16:00:00",8
"Sarah","2026-06-08 10:26:30","2026-06-06","1899-12-31 16:05:00",11
"Sarah","2026-06-08 10:26:30","2026-06-06","1899-12-31 16:25:00",162
"Sarah","2026-06-08 10:26:30","2026-06-06","1899-12-31 16:30:00",37
"Sarah","2026-06-08 10:26:30","2026-06-06","1899-12-31 16:50:00",106
"Sarah","2026-06-08 10:26:30","2026-06-06","1899-12-31 16:55:00",170
"Sarah","2026-06-08 10:26:30","2026-06-06","1899-12-31 17:05:00",29
"Sarah","2026-06-08 10:26:30","2026-06-06","1899-12-31 17:10:00",45
"Sarah","2026-06-08 10:26:30","2026-06-06","1899-12-31 17:15:00",74
"Sarah","2026-06-08 10:26:30","2026-06-06","1899-12-31 17:20:00",58
"Sarah","2026-06-08 10:26:30","2026-06-06","1899-12-31 17:25:00",77
"Sarah","2026-06-08 10:26:30","2026-06-06","1899-12-31 17:30:00",9
"Sarah","2026-06-08 10:26:30","2026-06-06","1899-12-31 17:55:00",59
"Sarah","2026-06-08 10:26:30","2026-06-06","1899-12-31 18:00:00",213
"Sarah","2026-06-08 10:26:30","2026-06-06","1899-12-31 18:15:00",44
"Sarah","2026-06-08 10:26:30","2026-06-06","1899-12-31 18:20:00",33
"Sarah","2026-06-08 10:26:30","2026-06-06","1899-12-31 18:45:00",130
"Sarah","2026-06-08 10:26:30","2026-06-06","1899-12-31 18:50:00",41
"Sarah","2026-06-08 10:26:30","2026-06-06","1899-12-31 18:55:00",13
"Sarah","2026-06-08 10:26:30","2026-06-06","1899-12-31 19:00:00",8
"Sarah","2026-06-08 10:26:30","2026-06-06","1899-12-31 19:05:00",30
"Sarah","2026-06-08 10:26:30","2026-06-06","1899-12-31 19:10:00",87
"Sarah","2026-06-08 10:26:30","2026-06-06","1899-12-31 19:15:00",75
"Sarah","2026-06-08 10:26:30","2026-06-06","1899-12-31 19:20:00",50
"Sarah","2026-06-08 10:26:30","2026-06-06","1899-12-31 19:25:00",287
"Sarah","2026-06-08 10:26:30","2026-06-06","1899-12-31 19:50:00",9
"Sarah","2026-06-08 10:26:30","2026-06-06","1899-12-31 19:55:00",79
"Sarah","2026-06-08 10:27:06","2026-06-07","1899-12-31",35
"Sarah","2026-06-08 10:27:06","2026-06-07","1899-12-31 00:05:00",33
"Sarah","2026-06-08 10:27:06","2026-06-07","1899-12-31 00:10:00",29
"Sarah","2026-06-08 10:27:06","2026-06-07","1899-12-31 00:15:00",13
"Sarah","2026-06-08 10:27:06","2026-06-07","1899-12-31 00:20:00",14
"Sarah","2026-06-08 10:27:06","2026-06-07","1899-12-31 00:25:00",26
"Sarah","2026-06-08 10:27:06","2026-06-07","1899-12-31 00:30:00",34
"Sarah","2026-06-08 10:27:06","2026-06-07","1899-12-31 00:35:00",106
"Sarah","2026-06-08 10:27:06","2026-06-07","1899-12-31 00:40:00",60
"Sarah","2026-06-08 10:27:06","2026-06-07","1899-12-31 00:45:00",28
"Sarah","2026-06-08 10:27:06","2026-06-07","1899-12-31 01:05:00",11
"Sarah","2026-06-08 10:27:06","2026-06-07","1899-12-31 01:10:00",9
"Sarah","2026-06-08 10:27:06","2026-06-07","1899-12-31 01:15:00",34
"Sarah","2026-06-08 10:27:06","2026-06-07","1899-12-31 02:00:00",8
"Sarah","2026-06-08 10:27:06","2026-06-07","1899-12-31 02:05:00",13
"Sarah","2026-06-08 10:27:06","2026-06-07","1899-12-31 02:10:00",8
"Sarah","2026-06-08 10:27:06","2026-06-07","1899-12-31 02:15:00",8
"Sarah","2026-06-08 10:27:06","2026-06-07","1899-12-31 02:45:00",41
"Sarah","2026-06-08 10:27:06","2026-06-07","1899-12-31 02:50:00",34
"Sarah","2026-06-08 10:27:06","2026-06-07","1899-12-31 03:00:00",10
"Sarah","2026-06-08 10:27:06","2026-06-07","1899-12-31 03:05:00",22
"Sarah","2026-06-08 10:27:06","2026-06-07","1899-12-31 03:10:00",9
"Sarah","2026-06-08 10:27:06","2026-06-07","1899-12-31 04:20:00",6
"Sarah","2026-06-08 10:27:06","2026-06-07","1899-12-31 11:00:00",12
"Sarah","2026-06-08 10:27:06","2026-06-07","1899-12-31 11:05:00",92
"Sarah","2026-06-08 10:27:06","2026-06-07","1899-12-31 11:10:00",100
"Sarah","2026-06-08 10:27:06","2026-06-07","1899-12-31 11:15:00",30
"Sarah","2026-06-08 10:27:06","2026-06-07","1899-12-31 11:30:00",14
"Sarah","2026-06-08 10:27:06","2026-06-07","1899-12-31 11:35:00",16
"Sarah","2026-06-08 10:27:06","2026-06-07","1899-12-31 11:40:00",106
"Sarah","2026-06-08 10:27:06","2026-06-07","1899-12-31 11:45:00",8
"Sarah","2026-06-08 10:27:06","2026-06-07","1899-12-31 11:50:00",58
"Sarah","2026-06-08 10:27:06","2026-06-07","1899-12-31 11:55:00",40
"Sarah","2026-06-08 10:27:06","2026-06-07","1899-12-31 12:20:00",14
"Sarah","2026-06-08 10:27:06","2026-06-07","1899-12-31 12:25:00",91
"Sarah","2026-06-08 10:27:06","2026-06-07","1899-12-31 12:30:00",17
"Sarah","2026-06-08 10:27:06","2026-06-07","1899-12-31 12:35:00",31
"Sarah","2026-06-08 10:27:06","2026-06-07","1899-12-31 12:45:00",51
"Sarah","2026-06-08 10:27:06","2026-06-07","1899-12-31 12:50:00",45
"Sarah","2026-06-08 10:27:06","2026-06-07","1899-12-31 12:55:00",123
"Sarah","2026-06-08 10:27:06","2026-06-07","1899-12-31 13:05:00",146
"Sarah","2026-06-08 10:27:06","2026-06-07","1899-12-31 13:10:00",46
"Sarah","2026-06-08 10:27:06","2026-06-07","1899-12-31 13:50:00",44
"Sarah","2026-06-08 10:27:06","2026-06-07","1899-12-31 14:20:00",9
"Sarah","2026-06-08 10:27:06","2026-06-07","1899-12-31 15:40:00",43
"Sarah","2026-06-08 10:27:06","2026-06-07","1899-12-31 15:45:00",26
"Sarah","2026-06-08 10:27:06","2026-06-07","1899-12-31 15:50:00",89
"Sarah","2026-06-08 10:27:06","2026-06-07","1899-12-31 15:55:00",41
"Sarah","2026-06-08 10:27:06","2026-06-07","1899-12-31 16:00:00",65
"Sarah","2026-06-08 10:27:06","2026-06-07","1899-12-31 16:05:00",79
"Sarah","2026-06-08 10:27:06","2026-06-07","1899-12-31 16:10:00",149
"Sarah","2026-06-08 10:27:06","2026-06-07","1899-12-31 16:15:00",46
"Sarah","2026-06-08 10:27:06","2026-06-07","1899-12-31 16:20:00",6
"Sarah","2026-06-08 10:27:06","2026-06-07","1899-12-31 16:25:00",80
"Sarah","2026-06-08 10:27:06","2026-06-07","1899-12-31 16:30:00",40
"Sarah","2026-06-08 10:27:06","2026-06-07","1899-12-31 16:45:00",29
"Sarah","2026-06-08 10:27:06","2026-06-07","1899-12-31 16:50:00",49
"Sarah","2026-06-08 10:27:06","2026-06-07","1899-12-31 16:55:00",49
"Sarah","2026-06-08 10:27:06","2026-06-07","1899-12-31 17:00:00",32
"Sarah","2026-06-08 10:27:06","2026-06-07","1899-12-31 17:25:00",41
"Sarah","2026-06-08 10:27:06","2026-06-07","1899-12-31 17:30:00",43
"Sarah","2026-06-08 10:27:06","2026-06-07","1899-12-31 17:35:00",75
"Sarah","2026-06-08 10:27:06","2026-06-07","1899-12-31 17:40:00",34
"Sarah","2026-06-08 10:27:06","2026-06-07","1899-12-31 17:55:00",15
"Sarah","2026-06-08 10:27:06","2026-06-07","1899-12-31 18:00:00",29
"Sarah","2026-06-08 10:27:06","2026-06-07","1899-12-31 18:05:00",141
"Sarah","2026-06-08 10:27:06","2026-06-07","1899-12-31 18:10:00",126
"Sarah","2026-06-08 10:27:06","2026-06-07","1899-12-31 18:15:00",214
"Sarah","2026-06-08 10:27:06","2026-06-07","1899-12-31 18:20:00",192
"Sarah","2026-06-08 10:27:06","2026-06-07","1899-12-31 18:25:00",17
"Sarah","2026-06-08 10:27:06","2026-06-07","1899-12-31 18:35:00",32
"Sarah","2026-06-08 10:27:06","2026-06-07","1899-12-31 18:45:00",7
"Sarah","2026-06-08 10:27:06","2026-06-07","1899-12-31 18:50:00",16
"Sarah","2026-06-08 10:27:06","2026-06-07","1899-12-31 18:55:00",12
"Sarah","2026-06-08 10:27:06","2026-06-07","1899-12-31 19:20:00",28
"Sarah","2026-06-08 10:27:06","2026-06-07","1899-12-31 19:25:00",55
"Sarah","2026-06-08 10:27:06","2026-06-07","1899-12-31 19:40:00",11
"Sarah","2026-06-08 10:27:06","2026-06-07","1899-12-31 19:50:00",6
"Sarah","2026-06-08 10:27:06","2026-06-07","1899-12-31 19:55:00",46
"Sarah","2026-06-08 10:27:06","2026-06-07","1899-12-31 20:00:00",482
"Sarah","2026-06-08 10:27:06","2026-06-07","1899-12-31 20:05:00",16
"Sarah","2026-06-08 10:27:06","2026-06-07","1899-12-31 20:10:00",15
"Sarah","2026-06-08 10:27:06","2026-06-07","1899-12-31 20:15:00",5
"Sarah","2026-06-08 10:27:06","2026-06-07","1899-12-31 20:20:00",155
"Sarah","2026-06-08 10:27:06","2026-06-07","1899-12-31 20:25:00",491
"Sarah","2026-06-08 10:27:06","2026-06-07","1899-12-31 20:30:00",12
"Sarah","2026-06-08 10:27:06","2026-06-07","1899-12-31 20:35:00",9
"Sarah","2026-06-08 10:27:06","2026-06-07","1899-12-31 20:40:00",35
"Sarah","2026-06-08 10:27:06","2026-06-07","1899-12-31 20:45:00",238
"Sarah","2026-06-08 10:27:06","2026-06-07","1899-12-31 20:50:00",34
"Sarah","2026-06-08 10:27:06","2026-06-07","1899-12-31 21:05:00",45
"Sarah","2026-06-08 10:27:06","2026-06-07","1899-12-31 21:10:00",24
"Sarah","2026-06-08 10:27:06","2026-06-07","1899-12-31 21:20:00",464
"Sarah","2026-06-08 10:27:06","2026-06-07","1899-12-31 21:25:00",465
"Sarah","2026-06-08 10:27:06","2026-06-07","1899-12-31 21:30:00",534
"Sarah","2026-06-08 10:27:06","2026-06-07","1899-12-31 21:35:00",326
"Sarah","2026-06-08 10:27:06","2026-06-07","1899-12-31 21:40:00",134
"Sarah","2026-06-08 10:27:06","2026-06-07","1899-12-31 21:45:00",63
"Sarah","2026-06-08 10:27:06","2026-06-07","1899-12-31 21:50:00",110
"Sarah","2026-06-08 10:27:06","2026-06-07","1899-12-31 21:55:00",105
"Sarah","2026-06-08 10:27:06","2026-06-07","1899-12-31 22:00:00",69
"Sarah","2026-06-08 10:27:06","2026-06-07","1899-12-31 22:05:00",158
"Sarah","2026-06-08 10:27:06","2026-06-07","1899-12-31 22:10:00",32
"Sarah","2026-06-08 10:27:06","2026-06-07","1899-12-31 22:15:00",18
"Sarah","2026-06-08 10:27:06","2026-06-07","1899-12-31 22:20:00",14
"Sarah","2026-06-08 10:27:06","2026-06-07","1899-12-31 22:30:00",7
"Sarah","2026-06-08 10:27:06","2026-06-07","1899-12-31 22:45:00",40
"Sarah","2026-06-08 10:27:06","2026-06-07","1899-12-31 22:50:00",59
"Sarah","2026-06-08 10:27:06","2026-06-07","1899-12-31 22:55:00",78
"Sarah","2026-06-08 10:27:06","2026-06-07","1899-12-31 23:00:00",1
"Sarah","2026-06-08 10:27:06","2026-06-07","1899-12-31 23:15:00",53
"Sarah","2026-06-08 10:27:06","2026-06-07","1899-12-31 23:20:00",16
"Sarah","2026-06-08 10:27:06","2026-06-07","1899-12-31 23:25:00",141
"Sarah","2026-06-08 10:27:06","2026-06-07","1899-12-31 23:30:00",81
"Sarah","2026-06-08 10:27:06","2026-06-07","1899-12-31 23:45:00",18
"Sarah","2026-06-08 10:27:06","2026-06-07","1899-12-31 23:50:00",34
"Sarah","2026-06-08 10:27:51","2026-06-08","1899-12-31 00:05:00",87
"Sarah","2026-06-08 10:27:51","2026-06-08","1899-12-31 00:10:00",90
"Sarah","2026-06-08 10:27:51","2026-06-08","1899-12-31 00:45:00",23
"Sarah","2026-06-08 10:27:51","2026-06-08","1899-12-31 01:40:00",6
"Sarah","2026-06-08 10:27:51","2026-06-08","1899-12-31 02:15:00",67
"Sarah","2026-06-08 10:27:51","2026-06-08","1899-12-31 03:10:00",6
"Sarah","2026-06-08 10:27:51","2026-06-08","1899-12-31 03:50:00",37
"Sarah","2026-06-08 10:27:51","2026-06-08","1899-12-31 04:15:00",7
"Sarah","2026-06-08 10:27:51","2026-06-08","1899-12-31 20:25:00",27
"Sarah","2026-06-08 10:27:51","2026-06-08","1899-12-31 21:15:00",14
"Sarah","2026-06-08 10:27:51","2026-06-08","1899-12-31 21:20:00",18
"Sarah","2026-06-08 10:27:51","2026-06-08","1899-12-31 21:25:00",59
"Sarah","2026-06-08 10:27:51","2026-06-08","1899-12-31 22:00:00",58
"Sarah","2026-06-08 10:27:51","2026-06-08","1899-12-31 22:05:00",4
"Sarah","2026-06-08 10:27:51","2026-06-08","1899-12-31 22:20:00",4
"Sarah","2026-06-08 10:27:51","2026-06-08","1899-12-31 22:30:00",9
"Sarah","2026-06-08 10:27:51","2026-06-08","1899-12-31 23:00:00",54
